Soul DemonHunter	DemonHunter	Soul	Consume Magic	1	Standard
Soul DemonHunter	DemonHunter	Soul	Pen Flinger	1	Standard
Soul DemonHunter	DemonHunter	Soul	Spirit Jailer	1	Standard
Soul DemonHunter	DemonHunter	Soul	Twin Slice	1	Standard
Soul DemonHunter	DemonHunter	Soul	Blade Dance	1	Standard
Soul DemonHunter	DemonHunter	Soul	Chaos Strike	1	Standard
Soul DemonHunter	DemonHunter	Soul	Manafeeder Panthara	1	Standard
Soul DemonHunter	DemonHunter	Soul	Soul Shear	1	Standard
Soul DemonHunter	DemonHunter	Soul	Spectral Sight	1	Standard
Soul DemonHunter	DemonHunter	Soul	Wandmaker	1	Standard
Soul DemonHunter	DemonHunter	Soul	Aldrachi Warblades	1	Standard
Soul DemonHunter	DemonHunter	Soul	Relentless Pursuit	1	Standard
Soul DemonHunter	DemonHunter	Soul	Shardshatter Mystic	1	Standard
Soul DemonHunter	DemonHunter	Soul	Stiltstepper	1	Standard
Soul DemonHunter	DemonHunter	Soul	Hoard Pillager	1	Standard
Soul DemonHunter	DemonHunter	Soul	Il'gynoth	1	Standard
Soul DemonHunter	DemonHunter	Soul	Kayn Sunfury	1	Standard
Soul DemonHunter	DemonHunter	Soul	Marrowslicer	1	Standard
Soul DemonHunter	DemonHunter	Soul	Glaivebound Adept	1	Standard
Soul DemonHunter	DemonHunter	Soul	Soulshard Lapidary	1	Standard
Soul DemonHunter	DemonHunter	Soul	Bladed Lady	1	Standard
Soul DemonHunter	DemonHunter	Soul	Skull of Gul'dan	1	Standard
Soul DemonHunter	DemonHunter	Soul	Soulciologist Malicia	1	Standard
Aggro DemonHunter	DemonHunter	Aggro	Battlefiend	10	Standard
Aggro DemonHunter	DemonHunter	Aggro	Beaming Sidekick	10	Standard
Aggro DemonHunter	DemonHunter	Aggro	Blazing Battlemage	10	Standard
Aggro DemonHunter	DemonHunter	Aggro	Demon Companion	10	Standard
Aggro DemonHunter	DemonHunter	Aggro	Guardian Augmerchant	10	Standard
Aggro DemonHunter	DemonHunter	Aggro	Intrepid Initiate	10	Standard
Aggro DemonHunter	DemonHunter	Aggro	Mana Burn	10	Standard
Aggro DemonHunter	DemonHunter	Aggro	Bonechewer Brawler	10	Standard
Aggro DemonHunter	DemonHunter	Aggro	Cult Neophyte	10	Standard
Aggro DemonHunter	DemonHunter	Aggro	Umberwing	10	Standard
Aggro DemonHunter	DemonHunter	Aggro	Wriggling Horror	10	Standard
Aggro DemonHunter	DemonHunter	Aggro	Acrobatics	10	Standard
Aggro DemonHunter	DemonHunter	Aggro	Dreadlord's Bite	10	Standard
Aggro DemonHunter	DemonHunter	Aggro	Voracious Reader	10	Standard
Lifesteal DemonHunter	DemonHunter	Lifesteal	Double Jump	100	Standard
Lifesteal DemonHunter	DemonHunter	Lifesteal	Ethereal Augmerchant	100	Standard
Lifesteal DemonHunter	DemonHunter	Lifesteal	Felosophy	100	Standard
Lifesteal DemonHunter	DemonHunter	Lifesteal	Felscream Blast	100	Standard
Lifesteal DemonHunter	DemonHunter	Lifesteal	Throw Glaive	100	Standard
Lifesteal DemonHunter	DemonHunter	Lifesteal	Bloodmage Thalnos	100	Standard
Lifesteal DemonHunter	DemonHunter	Lifesteal	Doomsayer	100	Standard
Lifesteal DemonHunter	DemonHunter	Lifesteal	Immolation Aura	100	Standard
Lifesteal DemonHunter	DemonHunter	Lifesteal	Mo'arg Artificer	100	Standard
Lifesteal DemonHunter	DemonHunter	Lifesteal	Eye Beam	100	Standard
Lifesteal DemonHunter	DemonHunter	Lifesteal	Soul Cleave	100	Standard
Lifesteal DemonHunter	DemonHunter	Lifesteal	Raging Felscreamer	100	Standard
Lifesteal DemonHunter	DemonHunter	Lifesteal	Chaos Nova	100	Standard
Token DemonHunter	DemonHunter	Token	Costumed Entertainer	1000	Standard
Token DemonHunter	DemonHunter	Token	Feast of Souls	1000	Standard
Token DemonHunter	DemonHunter	Token	Knife Juggler	1000	Standard
Token DemonHunter	DemonHunter	Token	Parade Leader	1000	Standard
Token DemonHunter	DemonHunter	Token	Coordinated Strike	1000	Standard
Token DemonHunter	DemonHunter	Token	Darkmoon Statue	1000	Standard
Token DemonHunter	DemonHunter	Token	Wrathscale Naga	1000	Standard
Token DemonHunter	DemonHunter	Token	Renowned Performer	1000	Standard
Token DemonHunter	DemonHunter	Token	Command the Illidari	1000	Standard
Token DemonHunter	DemonHunter	Token	Fel Guardians	1000	Standard
Token DemonHunter	DemonHunter	Token	Expendable Performers	1000	Standard
Token DemonHunter	DemonHunter	Token	Nethrandamus	1000	Standard
Highlander DemonHunter	DemonHunter	Highlander	Horrendous Growth	10000	Standard
Highlander DemonHunter	DemonHunter	Highlander	Darkmoon Dirigible	10000	Standard
Highlander DemonHunter	DemonHunter	Highlander	Felsteel Executioner	10000	Standard
Highlander DemonHunter	DemonHunter	Highlander	Insatiable Felhound	10000	Standard
Highlander DemonHunter	DemonHunter	Highlander	Ashtongue Battlelord	10000	Standard
Highlander DemonHunter	DemonHunter	Highlander	Circus Medic	10000	Standard
Highlander DemonHunter	DemonHunter	Highlander	Fleethoof Pearltusk	10000	Standard
Highlander DemonHunter	DemonHunter	Highlander	Kobold Stickyfinger	10000	Standard
Highlander DemonHunter	DemonHunter	Highlander	Cycle of Hatred	10000	Standard
Highlander DemonHunter	DemonHunter	Highlander	Strongman	10000	Standard
Highlander DemonHunter	DemonHunter	Highlander	Coilfang Warlord	10000	Standard
Highlander DemonHunter	DemonHunter	Highlander	Hulking Overfiend	10000	Standard
Highlander DemonHunter	DemonHunter	Highlander	Dragonqueen Alexstrasza	10000	Standard
Highlander DemonHunter	DemonHunter	Highlander	Y'Shaarj, the Defiler	10000	Standard
Clown Druid	Druid	Clown	Innervate	1	Standard
Clown Druid	Druid	Clown	Lightning Bloom	1	Standard
Clown Druid	Druid	Clown	Animated Broomstick	1	Standard
Clown Druid	Druid	Clown	Crystal Power	1	Standard
Clown Druid	Druid	Clown	Nature Studies	1	Standard
Clown Druid	Druid	Clown	Guess the Weight	1	Standard
Clown Druid	Druid	Clown	Lunar Eclipse	1	Standard
Clown Druid	Druid	Clown	Moontouched Amulet	1	Standard
Clown Druid	Druid	Clown	Speaker Gidra	1	Standard
Clown Druid	Druid	Clown	Wild Growth	1	Standard
Clown Druid	Druid	Clown	Overgrowth	1	Standard
Clown Druid	Druid	Clown	Anubisath Defender	1	Standard
Clown Druid	Druid	Clown	Lake Thresher	1	Standard
Clown Druid	Druid	Clown	Teacher's Pet	1	Standard
Clown Druid	Druid	Clown	Twilight Runner	1	Standard
Clown Druid	Druid	Clown	Nourish	1	Standard
Clown Druid	Druid	Clown	Overflow	1	Standard
Clown Druid	Druid	Clown	Strongman	1	Standard
Clown Druid	Druid	Clown	Umbral Owl	1	Standard
Clown Druid	Druid	Clown	Cenarion Ward	1	Standard
Clown Druid	Druid	Clown	Guardian Animals	1	Standard
Clown Druid	Druid	Clown	Carnival Clown	1	Standard
Clown Druid	Druid	Clown	Ysera, Unleashed	1	Standard
Clown Druid	Druid	Clown	Survival of the Fittest	1	Standard
Clown Druid	Druid	Clown	Y'Shaarj, the Defiler	1	Standard
Clown Druid	Druid	Clown	Yogg-Saron, Master of Fate	1	Standard
Malygos Druid	Druid	Malygos	Moonfire	10	Standard
Malygos Druid	Druid	Malygos	Breath of Dreams	10	Standard
Malygos Druid	Druid	Malygos	Ironbark	10	Standard
Malygos Druid	Druid	Malygos	Bogbeam	10	Standard
Malygos Druid	Druid	Malygos	Germination	10	Standard
Malygos Druid	Druid	Malygos	Swipe	10	Standard
Malygos Druid	Druid	Malygos	Forest Warden Omu	10	Standard
Malygos Druid	Druid	Malygos	Gadgetzan Auctioneer	10	Standard
Malygos Druid	Druid	Malygos	Jepetto Joybuzz	10	Standard
Malygos Druid	Druid	Malygos	Alexstrasza	10	Standard
Malygos Druid	Druid	Malygos	Malygos	10	Standard
Spell Druid	Druid	Spell	Solar Eclipse	100	Standard
Spell Druid	Druid	Spell	Power of the Wild	100	Standard
Spell Druid	Druid	Spell	Rising Winds	100	Standard
Spell Druid	Druid	Spell	Fungal Fortunes	100	Standard
Spell Druid	Druid	Spell	Kiri, Chosen of Elune	100	Standard
Spell Druid	Druid	Spell	Soul of the Forest	100	Standard
Spell Druid	Druid	Spell	Glowfly Swarm	100	Standard
Spell Druid	Druid	Spell	Greybough	100	Standard
Spell Druid	Druid	Spell	Exotic Mountseller	100	Standard
Highlander Druid	Druid	Highlander	Acidic Swamp Ooze	1000	Standard
Highlander Druid	Druid	Highlander	Wrath	1000	Standard
Highlander Druid	Druid	Highlander	Zephrys the Great	1000	Standard
Highlander Druid	Druid	Highlander	BEEEES!!!	1000	Standard
Highlander Druid	Druid	Highlander	Imprisoned Satyr	1000	Standard
Highlander Druid	Druid	Highlander	Elise the Enlightened	1000	Standard
Highlander Druid	Druid	Highlander	Fleethoof Pearltusk	1000	Standard
Highlander Druid	Druid	Highlander	Kobold Stickyfinger	1000	Standard
Highlander Druid	Druid	Highlander	Dragonqueen Alexstrasza	1000	Standard
Big Druid	Druid	Big	Strength in Numbers	10000	Standard
Big Druid	Druid	Big	Circus Amalgam	10000	Standard
Big Druid	Druid	Big	Frizz Kindleroost	10000	Standard
Big Druid	Druid	Big	Claw Machine	10000	Standard
Big Druid	Druid	Big	Emerald Explorer	10000	Standard
Big Druid	Druid	Big	Evasive Wyrm	10000	Standard
Big Druid	Druid	Big	Evasive Drakonid	10000	Standard
Big Druid	Druid	Big	Twin Tyrant	10000	Standard
Big Druid	Druid	Big	Winged Guardian	10000	Standard
Big Druid	Druid	Big	Fizzy Elemental	10000	Standard
Big Druid	Druid	Big	N'Zoth, God of the Deep	10000	Standard
Big Druid	Druid	Big	Scrapyard Colossus	10000	Standard
Quest Druid	Druid	Quest	Untapped Potential	100000	Standard
Quest Druid	Druid	Quest	Worthy Expedition	100000	Standard
Quest Druid	Druid	Quest	Crystal Merchant	100000	Standard
Quest Druid	Druid	Quest	Steel Beetle	100000	Standard
Quest Druid	Druid	Quest	Faire Arborist	100000	Standard
Quest Druid	Druid	Quest	Oasis Surger	100000	Standard
Quest Druid	Druid	Quest	Starfall	100000	Standard
Quest Druid	Druid	Quest	Hidden Oasis	100000	Standard
Gibberling Druid	Druid	Gibberling	Acornbearer	1000000	Standard
Gibberling Druid	Druid	Gibberling	Adorable Infestation	1000000	Standard
Gibberling Druid	Druid	Gibberling	Beaming Sidekick	1000000	Standard
Gibberling Druid	Druid	Gibberling	Gibberling	1000000	Standard
Gibberling Druid	Druid	Gibberling	Intrepid Initiate	1000000	Standard
Gibberling Druid	Druid	Gibberling	Shieldbearer	1000000	Standard
Gibberling Druid	Druid	Gibberling	Treenforcements	1000000	Standard
Gibberling Druid	Druid	Gibberling	Dreamway Guardians	1000000	Standard
Gibberling Druid	Druid	Gibberling	Shrubadier	1000000	Standard
Gibberling Druid	Druid	Gibberling	Blessing of the Ancients	1000000	Standard
Gibberling Druid	Druid	Gibberling	Voracious Reader	1000000	Standard
Face Hunter	Hunter	Face	Adorable Infestation	1	Standard
Face Hunter	Hunter	Face	Demon Companion	1	Standard
Face Hunter	Hunter	Face	Dwarven Sharpshooter	1	Standard
Face Hunter	Hunter	Face	Intrepid Initiate	1	Standard
Face Hunter	Hunter	Face	Leper Gnome	1	Standard
Face Hunter	Hunter	Face	Tour Guide	1	Standard
Face Hunter	Hunter	Face	Toxic Reinforcements	1	Standard
Face Hunter	Hunter	Face	Wolpertinger	1	Standard
Face Hunter	Hunter	Face	Explosive Trap	1	Standard
Face Hunter	Hunter	Face	Freezing Trap	1	Standard
Face Hunter	Hunter	Face	Imprisoned Felmaw	1	Standard
Face Hunter	Hunter	Face	Kobold Sandtrooper	1	Standard
Face Hunter	Hunter	Face	Pack Tactics	1	Standard
Face Hunter	Hunter	Face	Phase Stalker	1	Standard
Face Hunter	Hunter	Face	Pressure Plate	1	Standard
Face Hunter	Hunter	Face	Scavenger's Ingenuity	1	Standard
Face Hunter	Hunter	Face	Animal Companion	1	Standard
Face Hunter	Hunter	Face	Eaglehorn Bow	1	Standard
Face Hunter	Hunter	Face	Ironbeak Owl	1	Standard
Face Hunter	Hunter	Face	Jungle Panther	1	Standard
Face Hunter	Hunter	Face	Kill Command	1	Standard
Face Hunter	Hunter	Face	Unleash the Hounds	1	Standard
Face Hunter	Hunter	Face	Voracious Reader	1	Standard
Face Hunter	Hunter	Face	Wolfrider	1	Standard
Face Hunter	Hunter	Face	Dragonbane	1	Standard
Face Hunter	Hunter	Face	Knife Vendor	1	Standard
Face Hunter	Hunter	Face	Rinling's Rifle	1	Standard
Face Hunter	Hunter	Face	Lorekeeper Polkelt	1	Standard
Highlander Hunter	Hunter	Highlander	Blazing Battlemage	100	Standard
Highlander Hunter	Hunter	Highlander	Guardian Augmerchant	100	Standard
Highlander Hunter	Hunter	Highlander	Mystery Winner	100	Standard
Highlander Hunter	Hunter	Highlander	Secretkeeper	100	Standard
Highlander Hunter	Hunter	Highlander	Bonechewer Brawler	100	Standard
Highlander Hunter	Hunter	Highlander	Cult Neophyte	100	Standard
Highlander Hunter	Hunter	Highlander	Open the Cages	100	Standard
Highlander Hunter	Hunter	Highlander	Snake Trap	100	Standard
Highlander Hunter	Hunter	Highlander	Wriggling Horror	100	Standard
Highlander Hunter	Hunter	Highlander	Zephrys the Great	100	Standard
Highlander Hunter	Hunter	Highlander	Inconspicuous Rider	100	Standard
Highlander Hunter	Hunter	Highlander	Petting Zoo	100	Standard
Highlander Hunter	Hunter	Highlander	Trampling Rhino	100	Standard
Highlander Hunter	Hunter	Highlander	Dinotamer Brann	100	Standard
Dragon Hunter	Hunter	Dragon	Stonetusk Boar	1000	Standard
Dragon Hunter	Hunter	Dragon	Corrosive Breath	1000	Standard
Dragon Hunter	Hunter	Dragon	Faerie Dragon	1000	Standard
Dragon Hunter	Hunter	Dragon	Primordial Explorer	1000	Standard
Dragon Hunter	Hunter	Dragon	Scalerider	1000	Standard
Dragon Hunter	Hunter	Dragon	Stormhammer	1000	Standard
Dragon Hunter	Hunter	Dragon	Circus Amalgam	1000	Standard
Dragon Hunter	Hunter	Dragon	Evasive Feywing	1000	Standard
Dragon Hunter	Hunter	Dragon	Frizz Kindleroost	1000	Standard
Dragon Hunter	Hunter	Dragon	Big Ol' Whelp	1000	Standard
Dragon Hunter	Hunter	Dragon	Cobalt Spellkin	1000	Standard
Dragon Hunter	Hunter	Dragon	Rotnest Drake	1000	Standard
Dragon Hunter	Hunter	Dragon	Evasive Wyrm	1000	Standard
Dragon Hunter	Hunter	Dragon	Veranus	1000	Standard
Dragon Hunter	Hunter	Dragon	Dragonqueen Alexstrasza	1000	Standard
Deathrattle Hunter	Hunter	Deathrattle	Arcane Shot	10000	Standard
Deathrattle Hunter	Hunter	Deathrattle	Animated Broomstick	10000	Standard
Deathrattle Hunter	Hunter	Deathrattle	Carrion Studies	10000	Standard
Deathrattle Hunter	Hunter	Deathrattle	Rapid Fire	10000	Standard
Deathrattle Hunter	Hunter	Deathrattle	Hunter's Mark	10000	Standard
Deathrattle Hunter	Hunter	Deathrattle	Deadly Shot	10000	Standard
Deathrattle Hunter	Hunter	Deathrattle	Hunter's Pack	10000	Standard
Deathrattle Hunter	Hunter	Deathrattle	Nine Lives	10000	Standard
Deathrattle Hunter	Hunter	Deathrattle	Ursatron	10000	Standard
Deathrattle Hunter	Hunter	Deathrattle	Mok'Nathal Lion	10000	Standard
Deathrattle Hunter	Hunter	Deathrattle	Teacher's Pet	10000	Standard
Deathrattle Hunter	Hunter	Deathrattle	Vectus	10000	Standard
Deathrattle Hunter	Hunter	Deathrattle	Claw Machine	10000	Standard
Deathrattle Hunter	Hunter	Deathrattle	Khartut Defender	10000	Standard
Deathrattle Hunter	Hunter	Deathrattle	Maxima Blastenheimer	10000	Standard
Deathrattle Hunter	Hunter	Deathrattle	Oblivitron	10000	Standard
Deathrattle Hunter	Hunter	Deathrattle	Darkmoon Tonk	10000	Standard
Deathrattle Hunter	Hunter	Deathrattle	Jewel of N'Zoth	10000	Standard
Deathrattle Hunter	Hunter	Deathrattle	Plagued Protodrake	10000	Standard
Deathrattle Hunter	Hunter	Deathrattle	Scrapyard Colossus	10000	Standard
Beast Hunter	Hunter	Beast	Bestial Wrath	100000	Standard
Beast Hunter	Hunter	Beast	Helboar	100000	Standard
Beast Hunter	Hunter	Beast	Overwhelm	100000	Standard
Beast Hunter	Hunter	Beast	Young Dragonhawk	100000	Standard
Beast Hunter	Hunter	Beast	Costumed Entertainer	100000	Standard
Beast Hunter	Hunter	Beast	Don't Feed the Animals	100000	Standard
Beast Hunter	Hunter	Beast	Fresh Scent	100000	Standard
Beast Hunter	Hunter	Beast	Ramkahen Wildtamer	100000	Standard
Beast Hunter	Hunter	Beast	Shan'do Wildclaw	100000	Standard
Beast Hunter	Hunter	Beast	Scrap Shot	100000	Standard
Beast Hunter	Hunter	Beast	Tundra Rhino	100000	Standard
Spell Mage	Mage	Spell	Brain Freeze	1	Standard
Spell Mage	Mage	Spell	Devolving Missiles	1	Standard
Spell Mage	Mage	Spell	Font of Power	1	Standard
Spell Mage	Mage	Spell	Learn Draconic	1	Standard
Spell Mage	Mage	Spell	Magic Trick	1	Standard
Spell Mage	Mage	Spell	Primordial Studies	1	Standard
Spell Mage	Mage	Spell	Raid the Sky Temple	1	Standard
Spell Mage	Mage	Spell	Ray of Frost	1	Standard
Spell Mage	Mage	Spell	Ancient Mysteries	1	Standard
Spell Mage	Mage	Spell	Cram Session	1	Standard
Spell Mage	Mage	Spell	Deck of Lunacy	1	Standard
Spell Mage	Mage	Spell	Evocation	1	Standard
Spell Mage	Mage	Spell	Frostbolt	1	Standard
Spell Mage	Mage	Spell	Incanter's Flow	1	Standard
Spell Mage	Mage	Spell	Arcane Intellect	1	Standard
Spell Mage	Mage	Spell	Combustion	1	Standard
Spell Mage	Mage	Spell	Counterspell	1	Standard
Spell Mage	Mage	Spell	Flame Ward	1	Standard
Spell Mage	Mage	Spell	Frost Nova	1	Standard
Spell Mage	Mage	Spell	Ice Barrier	1	Standard
Spell Mage	Mage	Spell	Mirror Entity	1	Standard
Spell Mage	Mage	Spell	Netherwind Portal	1	Standard
Spell Mage	Mage	Spell	Rigged Faire Game	1	Standard
Spell Mage	Mage	Spell	Fireball	1	Standard
Spell Mage	Mage	Spell	Ring Toss	1	Standard
Spell Mage	Mage	Spell	Apexis Blast	1	Standard
Spell Mage	Mage	Spell	Rolling Fireball	1	Standard
Spell Mage	Mage	Spell	Blizzard	1	Standard
Spell Mage	Mage	Spell	Mask of C'Thun	1	Standard
Spell Mage	Mage	Spell	Deep Freeze	1	Standard
Spell Mage	Mage	Spell	Power of Creation	1	Standard
Spell Mage	Mage	Spell	Puzzle Box of Yogg-Saron	1	Standard
Spell Mage	Mage	Spell	The Amazing Reno	1	Standard
Cyclone Mage	Mage	Cyclone	Elemental Allies	10	Standard
Cyclone Mage	Mage	Cyclone	Lab Partner	10	Standard
Cyclone Mage	Mage	Cyclone	Violet Spellwing	10	Standard
Cyclone Mage	Mage	Cyclone	Wand Thief	10	Standard
Cyclone Mage	Mage	Cyclone	Astromancer Solarian	10	Standard
Cyclone Mage	Mage	Cyclone	Confection Cyclone	10	Standard
Cyclone Mage	Mage	Cyclone	Mana Cyclone	10	Standard
Cyclone Mage	Mage	Cyclone	Sorcerer's Apprentice	10	Standard
Cyclone Mage	Mage	Cyclone	Wandmaker	10	Standard
Cyclone Mage	Mage	Cyclone	Chenvaala	10	Standard
Cyclone Mage	Mage	Cyclone	Jandice Barov	10	Standard
Cyclone Mage	Mage	Cyclone	Ras Frostwhisper	10	Standard
Cyclone Mage	Mage	Cyclone	Grand Finale	10	Standard
Cyclone Mage	Mage	Cyclone	Mana Giant	10	Standard
Cyclone Mage	Mage	Cyclone	Yogg-Saron, Master of Fate	10	Standard
Secret Mage	Mage	Secret	Secretkeeper	100	Standard
Secret Mage	Mage	Secret	Apexis Smuggler	100	Standard
Secret Mage	Mage	Secret	Arcane Flakmage	100	Standard
Secret Mage	Mage	Secret	Costumed Entertainer	100	Standard
Secret Mage	Mage	Secret	Game Master	100	Standard
Secret Mage	Mage	Secret	Inconspicuous Rider	100	Standard
Secret Mage	Mage	Secret	Kirin Tor Mage	100	Standard
Secret Mage	Mage	Secret	Occult Conjurer	100	Standard
Secret Mage	Mage	Secret	Cloud Prince	100	Standard
Secret Mage	Mage	Secret	Sayge, Seer of Darkmoon	100	Standard
Vargoth Mage	Mage	Vargoth	Acidic Swamp Ooze	1000	Standard
Vargoth Mage	Mage	Vargoth	Doomsayer	1000	Standard
Vargoth Mage	Mage	Vargoth	Novice Engineer	1000	Standard
Vargoth Mage	Mage	Vargoth	Archmage Vargoth	1000	Standard
Vargoth Mage	Mage	Vargoth	Khartut Defender	1000	Standard
Highlander Mage	Mage	Highlander	Zephrys the Great	10000	Standard
Highlander Mage	Mage	Highlander	Firebrand	10000	Standard
Highlander Mage	Mage	Highlander	Imprisoned Observer	10000	Standard
Highlander Mage	Mage	Highlander	Bone Wraith	10000	Standard
Highlander Mage	Mage	Highlander	Escaped Manasaber	10000	Standard
Highlander Mage	Mage	Highlander	Hecklebot	10000	Standard
Highlander Mage	Mage	Highlander	Twilight Drake	10000	Standard
Highlander Mage	Mage	Highlander	Kobold Stickyfinger	10000	Standard
Highlander Mage	Mage	Highlander	Malygos, Aspect of Magic	10000	Standard
Highlander Mage	Mage	Highlander	Ruststeed Raider	10000	Standard
Highlander Mage	Mage	Highlander	Reno the Relicologist	10000	Standard
Highlander Mage	Mage	Highlander	Siamat	10000	Standard
Highlander Mage	Mage	Highlander	Dragonqueen Alexstrasza	10000	Standard
Highlander Mage	Mage	Highlander	Kalecgos	10000	Standard
Pure Paladin	Paladin	Pure	First Day of School	1	Standard
Pure Paladin	Paladin	Pure	Aldor Attendant	1	Standard
Pure Paladin	Paladin	Pure	Argent Braggart	1	Standard
Pure Paladin	Paladin	Pure	Hand of A'dal	1	Standard
Pure Paladin	Paladin	Pure	Libram of Wisdom	1	Standard
Pure Paladin	Paladin	Pure	Murgur Murgurgle	1	Standard
Pure Paladin	Paladin	Pure	Shotbot	1	Standard
Pure Paladin	Paladin	Pure	Goody Two-Shields	1	Standard
Pure Paladin	Paladin	Pure	Consecration	1	Standard
Pure Paladin	Paladin	Pure	High Abbess Alura	1	Standard
Pure Paladin	Paladin	Pure	Lightforged Zealot	1	Standard
Pure Paladin	Paladin	Pure	Aldor Truthseeker	1	Standard
Pure Paladin	Paladin	Pure	Blessing of Authority	1	Standard
Pure Paladin	Paladin	Pure	Libram of Justice	1	Standard
Pure Paladin	Paladin	Pure	Devout Pupil	1	Standard
Pure Paladin	Paladin	Pure	Hammer of the Naaru	1	Standard
Pure Paladin	Paladin	Pure	Lady Liadrin	1	Standard
Pure Paladin	Paladin	Pure	Lightforged Crusader	1	Standard
Pure Paladin	Paladin	Pure	High Exarch Yrel	1	Standard
Pure Paladin	Paladin	Pure	Libram of Hope	1	Standard
Duel Paladin	Paladin	Duel	Desperate Measures	100	Standard
Duel Paladin	Paladin	Duel	Wave of Apathy	100	Standard
Duel Paladin	Paladin	Duel	Snack Run	100	Standard
Duel Paladin	Paladin	Duel	Subdue	100	Standard
Duel Paladin	Paladin	Duel	Ceremonial Maul	100	Standard
Duel Paladin	Paladin	Duel	Archmage Vargoth	100	Standard
Duel Paladin	Paladin	Duel	Duel!	100	Standard
Duel Paladin	Paladin	Duel	Commencement	100	Standard
Duel Paladin	Paladin	Duel	Plagued Protodrake	100	Standard
Duel Paladin	Paladin	Duel	Colossus of the Moon	100	Standard
Duel Paladin	Paladin	Duel	Scrapyard Colossus	100	Standard
Ramp Paladin	Paladin	Ramp	Animated Broomstick	1000	Standard
Ramp Paladin	Paladin	Ramp	Wild Pyromancer	1000	Standard
Ramp Paladin	Paladin	Ramp	Nozdormu the Timeless	1000	Standard
Ramp Paladin	Paladin	Ramp	Carousel Gryphon	1000	Standard
Ramp Paladin	Paladin	Ramp	Fleethoof Pearltusk	1000	Standard
Ramp Paladin	Paladin	Ramp	Claw Machine	1000	Standard
Ramp Paladin	Paladin	Ramp	Strongman	1000	Standard
Ramp Paladin	Paladin	Ramp	Batterhead	1000	Standard
Ramp Paladin	Paladin	Ramp	Carnival Clown	1000	Standard
Ramp Paladin	Paladin	Ramp	Darkmoon Rabbit	1000	Standard
Ramp Paladin	Paladin	Ramp	N'Zoth, God of the Deep	1000	Standard
Ramp Paladin	Paladin	Ramp	Y'Shaarj, the Defiler	1000	Standard
Libroom Paladin	Paladin	Libroom	Blessing of Wisdom	10000	Standard
Libroom Paladin	Paladin	Libroom	Pen Flinger	10000	Standard
Libroom Paladin	Paladin	Libroom	Loot Hoarder	10000	Standard
Libroom Paladin	Paladin	Libroom	Novice Engineer	10000	Standard
Libroom Paladin	Paladin	Libroom	Salhet's Pride	10000	Standard
Libroom Paladin	Paladin	Libroom	Kobold Stickyfinger	10000	Standard
Libroom Paladin	Paladin	Libroom	Silas Darkmoon	10000	Standard
Murloc Paladin	Paladin	Murloc	Grimscale Oracle	100000	Standard
Murloc Paladin	Paladin	Murloc	Murloc Tidecaller	100000	Standard
Murloc Paladin	Paladin	Murloc	Murmy	100000	Standard
Murloc Paladin	Paladin	Murloc	Toxfin	100000	Standard
Murloc Paladin	Paladin	Murloc	Bluegill Warrior	100000	Standard
Murloc Paladin	Paladin	Murloc	Fishflinger	100000	Standard
Murloc Paladin	Paladin	Murloc	Hench-Clan Hogsteed	100000	Standard
Murloc Paladin	Paladin	Murloc	Murloc Tidehunter	100000	Standard
Murloc Paladin	Paladin	Murloc	Prize Vendor	100000	Standard
Murloc Paladin	Paladin	Murloc	Coldlight Seer	100000	Standard
Murloc Paladin	Paladin	Murloc	Murloc Warleader	100000	Standard
Murloc Paladin	Paladin	Murloc	Felfin Navigator	100000	Standard
Murloc Paladin	Paladin	Murloc	Fishy Flyer	100000	Standard
Murloc Paladin	Paladin	Murloc	Scalelord	100000	Standard
Highlander Paladin	Paladin	Highlander	Blazing Battlemage	1000000	Standard
Highlander Paladin	Paladin	Highlander	Guardian Augmerchant	1000000	Standard
Highlander Paladin	Paladin	Highlander	Sir Finley of the Sands	1000000	Standard
Highlander Paladin	Paladin	Highlander	Zephrys the Great	1000000	Standard
Highlander Paladin	Paladin	Highlander	Frozen Shadoweaver	1000000	Standard
Highlander Paladin	Paladin	Highlander	Bone Wraith	1000000	Standard
Highlander Paladin	Paladin	Highlander	Siamat	1000000	Standard
Highlander Paladin	Paladin	Highlander	Dragonqueen Alexstrasza	1000000	Standard
Resurrect Priest	Priest	Resurrect	Renew	100	Standard
Resurrect Priest	Priest	Resurrect	Wave of Apathy	100	Standard
Resurrect Priest	Priest	Resurrect	Insight	100	Standard
Resurrect Priest	Priest	Resurrect	Penance	100	Standard
Resurrect Priest	Priest	Resurrect	Shadow Word: Death	100	Standard
Resurrect Priest	Priest	Resurrect	Shadow Word: Pain	100	Standard
Resurrect Priest	Priest	Resurrect	Breath of the Infinite	100	Standard
Resurrect Priest	Priest	Resurrect	Palm Reading	100	Standard
Resurrect Priest	Priest	Resurrect	Archmage Vargoth	100	Standard
Resurrect Priest	Priest	Resurrect	Grave Rune	100	Standard
Resurrect Priest	Priest	Resurrect	Holy Nova	100	Standard
Resurrect Priest	Priest	Resurrect	Psychopomp	100	Standard
Resurrect Priest	Priest	Resurrect	Shadow Word: Ruin	100	Standard
Resurrect Priest	Priest	Resurrect	Convincing Infiltrator	100	Standard
Resurrect Priest	Priest	Resurrect	Sandhoof Waterbearer	100	Standard
Resurrect Priest	Priest	Resurrect	Khartut Defender	100	Standard
Resurrect Priest	Priest	Resurrect	Galakrond, the Unspeakable	100	Standard
Resurrect Priest	Priest	Resurrect	Skeletal Dragon	100	Standard
Resurrect Priest	Priest	Resurrect	Soul Mirror	100	Standard
Resurrect Priest	Priest	Resurrect	Catrina Muerte	100	Standard
Resurrect Priest	Priest	Resurrect	G'huun the Blood God	100	Standard
Resurrect Priest	Priest	Resurrect	Idol of Y'Shaarj	100	Standard
Resurrect Priest	Priest	Resurrect	Blood of G'huun	100	Standard
Resurrect Priest	Priest	Resurrect	Mass Resurrection	100	Standard
Resurrect Priest	Priest	Resurrect	Plague of Death	100	Standard
Resurrect Priest	Priest	Resurrect	Scrapyard Colossus	100	Standard
Control Priest	Priest	Control	Power Word: Shield	1000	Standard
Control Priest	Priest	Control	Silence	1000	Standard
Control Priest	Priest	Control	Disciple of Galakrond	1000	Standard
Control Priest	Priest	Control	Cleric of Scales	1000	Standard
Control Priest	Priest	Control	Draconic Studies	1000	Standard
Control Priest	Priest	Control	Embalming Ritual	1000	Standard
Control Priest	Priest	Control	Sethekk Veilweaver	1000	Standard
Control Priest	Priest	Control	Wandmaker	1000	Standard
Control Priest	Priest	Control	Wild Pyromancer	1000	Standard
Control Priest	Priest	Control	Gift of Luminance	1000	Standard
Control Priest	Priest	Control	Madame Lazul	1000	Standard
Control Priest	Priest	Control	Mindflayer Kaahrj	1000	Standard
Control Priest	Priest	Control	Mindrender Illucia	1000	Standard
Control Priest	Priest	Control	Nazmani Bloodweaver	1000	Standard
Control Priest	Priest	Control	Cabal Acolyte	1000	Standard
Control Priest	Priest	Control	Cobalt Spellkin	1000	Standard
Control Priest	Priest	Control	Wretched Tutor	1000	Standard
Control Priest	Priest	Control	Gadgetzan Auctioneer	1000	Standard
Control Priest	Priest	Control	Murozond the Infinite	1000	Standard
Highlander Priest	Priest	Highlander	Disciple of Galakrond	999	Standard
Highlander Priest	Priest	Highlander	Cleric of Scales	999	Standard
Highlander Priest	Priest	Highlander	Draconic Studies	999	Standard
Highlander Priest	Priest	Highlander	Sethekk Veilweaver	999	Standard
Highlander Priest	Priest	Highlander	Wandmaker	999	Standard
Highlander Priest	Priest	Highlander	Wild Pyromancer	999	Standard
Highlander Priest	Priest	Highlander	Madame Lazul	999	Standard
Highlander Priest	Priest	Highlander	Mindflayer Kaahrj	999	Standard
Highlander Priest	Priest	Highlander	Mindrender Illucia	999	Standard
Highlander Priest	Priest	Highlander	Nazmani Bloodweaver	999	Standard
Highlander Priest	Priest	Highlander	Cabal Acolyte	999	Standard
Highlander Priest	Priest	Highlander	Wretched Tutor	999	Standard
Highlander Priest	Priest	Highlander	Cobalt Spellkin	999	Standard
Highlander Priest	Priest	Highlander	Murozond the Infinite	999	Standard
Highlander Priest	Priest	Highlander	Penance	99	Standard
Highlander Priest	Priest	Highlander	Breath of the Infinite	99	Standard
Highlander Priest	Priest	Highlander	Holy Nova	99	Standard
Highlander Priest	Priest	Highlander	Shadow Word: Ruin	99	Standard
Highlander Priest	Priest	Highlander	Animated Broomstick	10000	Standard
Highlander Priest	Priest	Highlander	Thoughtsteal	10000	Standard
Highlander Priest	Priest	Highlander	Zephrys the Great	10000	Standard
Highlander Priest	Priest	Highlander	Vulpera Scoundrel	10000	Standard
Highlander Priest	Priest	Highlander	Hecklebot	10000	Standard
Highlander Priest	Priest	Highlander	Twilight Drake	10000	Standard
Highlander Priest	Priest	Highlander	Kobold Stickyfinger	10000	Standard
Highlander Priest	Priest	Highlander	Siamat	10000	Standard
Highlander Priest	Priest	Highlander	Dragonqueen Alexstrasza	10000	Standard
Miracle Rogue	Rogue	Miracle	Backstab	1	Standard
Miracle Rogue	Rogue	Miracle	Preparation	1	Standard
Miracle Rogue	Rogue	Miracle	Shadowstep	1	Standard
Miracle Rogue	Rogue	Miracle	Blackjack Stunner	1	Standard
Miracle Rogue	Rogue	Miracle	Brain Freeze	1	Standard
Miracle Rogue	Rogue	Miracle	Pharaoh Cat	1	Standard
Miracle Rogue	Rogue	Miracle	Prize Plunderer	1	Standard
Miracle Rogue	Rogue	Miracle	Secret Passage	1	Standard
Miracle Rogue	Rogue	Miracle	Wand Thief	1	Standard
Miracle Rogue	Rogue	Miracle	Ambush	1	Standard
Miracle Rogue	Rogue	Miracle	Cold Blood	1	Standard
Miracle Rogue	Rogue	Miracle	Dirty Tricks	1	Standard
Miracle Rogue	Rogue	Miracle	Eviscerate	1	Standard
Miracle Rogue	Rogue	Miracle	Foxy Fraud	1	Standard
Miracle Rogue	Rogue	Miracle	Plagiarize	1	Standard
Miracle Rogue	Rogue	Miracle	Shadowjeweler Hanar	1	Standard
Miracle Rogue	Rogue	Miracle	Swindle	1	Standard
Miracle Rogue	Rogue	Miracle	Tenwu of the Red Smoke	1	Standard
Miracle Rogue	Rogue	Miracle	Whirlkick Master	1	Standard
Miracle Rogue	Rogue	Miracle	Coerce	1	Standard
Miracle Rogue	Rogue	Miracle	Edwin VanCleef	1	Standard
Miracle Rogue	Rogue	Miracle	EVIL Miscreant	1	Standard
Miracle Rogue	Rogue	Miracle	Questing Adventurer	1	Standard
Miracle Rogue	Rogue	Miracle	SI:7 Agent	1	Standard
Miracle Rogue	Rogue	Miracle	Jandice Barov	1	Standard
Aggro Rogue	Rogue	Aggro	Deadly Poison	10	Standard
Aggro Rogue	Rogue	Aggro	Intrepid Initiate	10	Standard
Aggro Rogue	Rogue	Aggro	Pen Flinger	10	Standard
Aggro Rogue	Rogue	Aggro	Plague of Madness	10	Standard
Aggro Rogue	Rogue	Aggro	Sinister Strike	10	Standard
Aggro Rogue	Rogue	Aggro	Southsea Deckhand	10	Standard
Aggro Rogue	Rogue	Aggro	Spymistress	10	Standard
Aggro Rogue	Rogue	Aggro	Worgen Infiltrator	10	Standard
Aggro Rogue	Rogue	Aggro	Ashtongue Slayer	10	Standard
Aggro Rogue	Rogue	Aggro	Defias Ringleader	10	Standard
Aggro Rogue	Rogue	Aggro	Sap	10	Standard
Aggro Rogue	Rogue	Aggro	Sneaky Delinquent	10	Standard
Aggro Rogue	Rogue	Aggro	Wriggling Horror	10	Standard
Aggro Rogue	Rogue	Aggro	Greyheart Sage	10	Standard
Aggro Rogue	Rogue	Aggro	Hooked Scimitar	10	Standard
Aggro Rogue	Rogue	Aggro	Self-Sharpening Sword	10	Standard
Aggro Rogue	Rogue	Aggro	Vulpera Toxinblade	10	Standard
Aggro Rogue	Rogue	Aggro	Burrowing Scorpid	10	Standard
Aggro Rogue	Rogue	Aggro	Dread Corsair	10	Standard
Aggro Rogue	Rogue	Aggro	Infiltrator Lilian	10	Standard
Aggro Rogue	Rogue	Aggro	Steeldancer	10	Standard
Aggro Rogue	Rogue	Aggro	Cutting Class	10	Standard
Aggro Rogue	Rogue	Aggro	Doctor Krastinov	10	Standard
Quest Rogue	Rogue	Quest	Bazaar Burglary	100	Standard
Quest Rogue	Rogue	Quest	Dragon's Hoard	100	Standard
Quest Rogue	Rogue	Quest	Clever Disguise	100	Standard
Quest Rogue	Rogue	Quest	Questing Explorer	100	Standard
Quest Rogue	Rogue	Quest	Underbelly Fence	100	Standard
Quest Rogue	Rogue	Quest	Hench-Clan Burglar	100	Standard
Quest Rogue	Rogue	Quest	Sky Gen'ral Kragg	100	Standard
Quest Rogue	Rogue	Quest	Vendetta	100	Standard
Galakrond Rogue	Rogue	Galakrond	Praise Galakrond!	1000	Standard
Galakrond Rogue	Rogue	Galakrond	Seal Fate	1000	Standard
Galakrond Rogue	Rogue	Galakrond	Devoted Maniac	1000	Standard
Galakrond Rogue	Rogue	Galakrond	Lorekeeper Polkelt	1000	Standard
Galakrond Rogue	Rogue	Galakrond	Shield of Galakrond	1000	Standard
Galakrond Rogue	Rogue	Galakrond	Heistbaron Togwaggle	1000	Standard
Galakrond Rogue	Rogue	Galakrond	Kronx Dragonhoof	1000	Standard
Galakrond Rogue	Rogue	Galakrond	Galakrond, the Nightmare	1000	Standard
Aggro Shaman	Shaman	Aggro	Lightning Bloom	1	Standard
Aggro Shaman	Shaman	Aggro	Blazing Battlemage	1	Standard
Aggro Shaman	Shaman	Aggro	Devolving Missiles	1	Standard
Aggro Shaman	Shaman	Aggro	Earth Shock	1	Standard
Aggro Shaman	Shaman	Aggro	Intrepid Initiate	1	Standard
Aggro Shaman	Shaman	Aggro	Lightning Bolt	1	Standard
Aggro Shaman	Shaman	Aggro	Sludge Slurper	1	Standard
Aggro Shaman	Shaman	Aggro	Storm's Wrath	1	Standard
Aggro Shaman	Shaman	Aggro	Surging Tempest	1	Standard
Aggro Shaman	Shaman	Aggro	Cagematch Custodian	1	Standard
Aggro Shaman	Shaman	Aggro	Diligent Notetaker	1	Standard
Aggro Shaman	Shaman	Aggro	Rockbiter Weapon	1	Standard
Aggro Shaman	Shaman	Aggro	Wriggling Horror	1	Standard
Aggro Shaman	Shaman	Aggro	Instructor Fireheart	1	Standard
Aggro Shaman	Shaman	Aggro	Lava Burst	1	Standard
Aggro Shaman	Shaman	Aggro	Serpentshrine Portal	1	Standard
Aggro Shaman	Shaman	Aggro	Stormstrike	1	Standard
Aggro Shaman	Shaman	Aggro	Whack-A-Gnoll Hammer	1	Standard
Aggro Shaman	Shaman	Aggro	Dunk Tank	1	Standard
Aggro Shaman	Shaman	Aggro	Torrent	1	Standard
Aggro Shaman	Shaman	Aggro	Cumulo-Maximus	1	Standard
Aggro Shaman	Shaman	Aggro	Doomhammer	1	Standard
Aggro Shaman	Shaman	Aggro	Inara Stormcrash	1	Standard
Evolve Shaman	Shaman	Evolve	Mutate	100	Standard
Evolve Shaman	Shaman	Evolve	Animated Broomstick	100	Standard
Evolve Shaman	Shaman	Evolve	Revolve	100	Standard
Evolve Shaman	Shaman	Evolve	EVIL Cable Rat	100	Standard
Evolve Shaman	Shaman	Evolve	Novice Engineer	100	Standard
Evolve Shaman	Shaman	Evolve	Bogstrok Clacker	100	Standard
Evolve Shaman	Shaman	Evolve	Desert Hare	100	Standard
Evolve Shaman	Shaman	Evolve	Pit Master	100	Standard
Evolve Shaman	Shaman	Evolve	Dread Corsair	100	Standard
Evolve Shaman	Shaman	Evolve	Hoard Pillager	100	Standard
Evolve Shaman	Shaman	Evolve	Boggspine Knuckles	100	Standard
Evolve Shaman	Shaman	Evolve	Derailed Coaster	100	Standard
Evolve Shaman	Shaman	Evolve	Faceless Corruptor	100	Standard
Evolve Shaman	Shaman	Evolve	Kobold Stickyfinger	100	Standard
Evolve Shaman	Shaman	Evolve	Mogu Fleshshaper	100	Standard
Evolve Shaman	Shaman	Evolve	Sea Giant	100	Standard
Totem Shaman	Shaman	Totem	Totemic Might	10	Standard
Totem Shaman	Shaman	Totem	Totemic Surge	10	Standard
Totem Shaman	Shaman	Totem	Tour Guide	10	Standard
Totem Shaman	Shaman	Totem	EVIL Totem	10	Standard
Totem Shaman	Shaman	Totem	Trick Totem	10	Standard
Totem Shaman	Shaman	Totem	Grand Totem Eys'or	10	Standard
Totem Shaman	Shaman	Totem	Mana Tide Totem	10	Standard
Totem Shaman	Shaman	Totem	Totemic Reflection	10	Standard
Totem Shaman	Shaman	Totem	Circus Amalgam	10	Standard
Totem Shaman	Shaman	Totem	Splitting Axe	10	Standard
Totem Shaman	Shaman	Totem	Totem Goliath	10	Standard
Totem Shaman	Shaman	Totem	Runic Carvings	10	Standard
Galakrond Shaman	Shaman	Galakrond	Invocation of Frost	1000	Standard
Galakrond Shaman	Shaman	Galakrond	Devoted Maniac	1000	Standard
Galakrond Shaman	Shaman	Galakrond	Dragon's Pack	1000	Standard
Galakrond Shaman	Shaman	Galakrond	Shield of Galakrond	1000	Standard
Galakrond Shaman	Shaman	Galakrond	Corrupt Elementalist	1000	Standard
Galakrond Shaman	Shaman	Galakrond	Kronx Dragonhoof	1000	Standard
Galakrond Shaman	Shaman	Galakrond	Galakrond, the Tempest	1000	Standard
Quest Shaman	Shaman	Quest	Corrupt the Waters	100000	Standard
Quest Shaman	Shaman	Quest	Pen Flinger	100000	Standard
Quest Shaman	Shaman	Quest	Manafeeder Panthara	100000	Standard
Quest Shaman	Shaman	Quest	Questing Explorer	100000	Standard
Quest Shaman	Shaman	Quest	Sandstorm Elemental	100000	Standard
Quest Shaman	Shaman	Quest	Wandmaker	100000	Standard
Quest Shaman	Shaman	Quest	Circus Medic	100000	Standard
Quest Shaman	Shaman	Quest	Sky Gen'ral Kragg	100000	Standard
Quest Shaman	Shaman	Quest	Barista Lynchen	100000	Standard
Quest Shaman	Shaman	Quest	Cobalt Spellkin	100000	Standard
Quest Shaman	Shaman	Quest	Ogremancer	100000	Standard
Control Shaman	Shaman	Control	Witch's Brew	10000	Standard
Control Shaman	Shaman	Control	Marshspawn	10000	Standard
Control Shaman	Shaman	Control	Vulpera Scoundrel	10000	Standard
Control Shaman	Shaman	Control	Groundskeeper	10000	Standard
Control Shaman	Shaman	Control	Hecklebot	10000	Standard
Control Shaman	Shaman	Control	Hex	10000	Standard
Control Shaman	Shaman	Control	The Fist of Ra-den	10000	Standard
Control Shaman	Shaman	Control	Hagatha's Scheme	10000	Standard
Control Shaman	Shaman	Control	Tentacled Menace	10000	Standard
Control Shaman	Shaman	Control	The Lurker Below	10000	Standard
Control Shaman	Shaman	Control	Earthquake	10000	Standard
Control Shaman	Shaman	Control	Strongman	10000	Standard
Control Shaman	Shaman	Control	Jepetto Joybuzz	10000	Standard
Control Shaman	Shaman	Control	Tidal Wave	10000	Standard
Control Shaman	Shaman	Control	Walking Fountain	10000	Standard
Control Shaman	Shaman	Control	Archivist Elysiana	10000	Standard
Control Shaman	Shaman	Control	Carnival Clown	10000	Standard
Control Shaman	Shaman	Control	King Phaoris	10000	Standard
Control Shaman	Shaman	Control	Y'Shaarj, the Defiler	10000	Standard
Control Shaman	Shaman	Control	Yogg-Saron, Master of Fate	10000	Standard
Control Warlock	Warlock	Control	Demonic Studies	1	Standard
Control Warlock	Warlock	Control	Felosophy	1	Standard
Control Warlock	Warlock	Control	Spirit Jailer	1	Standard
Control Warlock	Warlock	Control	Imprisoned Vilefiend	1	Standard
Control Warlock	Warlock	Control	Mo'arg Artificer	1	Standard
Control Warlock	Warlock	Control	Mortal Coil	1	Standard
Control Warlock	Warlock	Control	Nether Breath	1	Standard
Control Warlock	Warlock	Control	Soul Shear	1	Standard
Control Warlock	Warlock	Control	Dark Skies	1	Standard
Control Warlock	Warlock	Control	Free Admission	1	Standard
Control Warlock	Warlock	Control	Man'ari Mosher	1	Standard
Control Warlock	Warlock	Control	Sense Demons	1	Standard
Control Warlock	Warlock	Control	School Spirits	1	Standard
Control Warlock	Warlock	Control	Cascading Disaster	1	Standard
Control Warlock	Warlock	Control	Circus Amalgam	1	Standard
Control Warlock	Warlock	Control	Fire Breather	1	Standard
Control Warlock	Warlock	Control	Crazed Netherwing	1	Standard
Control Warlock	Warlock	Control	Headmaster Kel'Thuzad	1	Standard
Control Warlock	Warlock	Control	Void Drinker	1	Standard
Control Warlock	Warlock	Control	Abyssal Summoner	1	Standard
Control Warlock	Warlock	Control	Aranasi Broodmother	1	Standard
Control Warlock	Warlock	Control	Khartut Defender	1	Standard
Control Warlock	Warlock	Control	Tickatus	1	Standard
Control Warlock	Warlock	Control	Silas Darkmoon	1	Standard
Control Warlock	Warlock	Control	Soulciologist Malicia	1	Standard
Control Warlock	Warlock	Control	Strongman	1	Standard
Control Warlock	Warlock	Control	Valdris Felgorge	1	Standard
Control Warlock	Warlock	Control	Enhanced Dreadlord	1	Standard
Control Warlock	Warlock	Control	Twin Tyrant	1	Standard
Control Warlock	Warlock	Control	Twisting Nether	1	Standard
Control Warlock	Warlock	Control	Alexstrasza	1	Standard
Control Warlock	Warlock	Control	Y'Shaarj, the Defiler	1	Standard
Quest Warlock	Warlock	Quest	Supreme Archaeology	100	Standard
Quest Warlock	Warlock	Quest	Plot Twist	100	Standard
Quest Warlock	Warlock	Quest	Questing Explorer	100	Standard
Galakrond Warlock	Warlock	Galakrond	Plague of Flames	1000	Standard
Galakrond Warlock	Warlock	Galakrond	Dragonblight Cultist	1000	Standard
Galakrond Warlock	Warlock	Galakrond	Devoted Maniac	1000	Standard
Galakrond Warlock	Warlock	Galakrond	Veiled Worshipper	1000	Standard
Galakrond Warlock	Warlock	Galakrond	Shield of Galakrond	1000	Standard
Galakrond Warlock	Warlock	Galakrond	Kronx Dragonhoof	1000	Standard
Galakrond Warlock	Warlock	Galakrond	Galakrond, the Wretched	1000	Standard
Zoo Warlock	Warlock	Zoo	Raise Dead	10000	Standard
Zoo Warlock	Warlock	Zoo	Animated Broomstick	10000	Standard
Zoo Warlock	Warlock	Zoo	Flame Imp	10000	Standard
Zoo Warlock	Warlock	Zoo	Potion Vendor	10000	Standard
Zoo Warlock	Warlock	Zoo	Soulfire	10000	Standard
Zoo Warlock	Warlock	Zoo	Tour Guide	10000	Standard
Zoo Warlock	Warlock	Zoo	Voidwalker	10000	Standard
Zoo Warlock	Warlock	Zoo	Wicked Whispers	10000	Standard
Zoo Warlock	Warlock	Zoo	Darkglare	10000	Standard
Zoo Warlock	Warlock	Zoo	Wriggling Horror	10000	Standard
Zoo Warlock	Warlock	Zoo	Revenant Rascal	10000	Standard
Zoo Warlock	Warlock	Zoo	Nightshade Matron	10000	Standard
Zoo Warlock	Warlock	Zoo	Hand of Gul'dan	10000	Standard
Zoo Warlock	Warlock	Zoo	Flesh Giant	10000	Standard
Big Warrior	Warrior	Big	Athletic Studies	100	Standard
Big Warrior	Warrior	Big	Shield Slam	100	Standard
Big Warrior	Warrior	Big	Stage Dive	100	Standard
Big Warrior	Warrior	Big	Sword and Board	100	Standard
Big Warrior	Warrior	Big	Corsair Cache	100	Standard
Big Warrior	Warrior	Big	Minefield	100	Standard
Big Warrior	Warrior	Big	Bladestorm	100	Standard
Big Warrior	Warrior	Big	Bulwark of Azzinoth	100	Standard
Big Warrior	Warrior	Big	Coerce	100	Standard
Big Warrior	Warrior	Big	Livewire Lance	100	Standard
Big Warrior	Warrior	Big	Shield Block	100	Standard
Big Warrior	Warrior	Big	Archmage Vargoth	100	Standard
Big Warrior	Warrior	Big	Kargath Bladefist	100	Standard
Big Warrior	Warrior	Big	Brawl	100	Standard
Big Warrior	Warrior	Big	Commencement	100	Standard
Big Warrior	Warrior	Big	Deathwing, Mad Aspect	100	Standard
Big Warrior	Warrior	Big	Troublemaker	100	Standard
Big Warrior	Warrior	Big	Rattlegore	100	Standard
Big Warrior	Warrior	Big	Colossus of the Moon	100	Standard
Big Warrior	Warrior	Big	Dimensional Ripper	100	Standard
Big Warrior	Warrior	Big	Scrapyard Colossus	100	Standard
Enrage Warrior	Warrior	Enrage	Inner Rage	1000	Standard
Enrage Warrior	Warrior	Enrage	Animated Broomstick	1000	Standard
Enrage Warrior	Warrior	Enrage	Risky Skipper	1000	Standard
Enrage Warrior	Warrior	Enrage	Shield of Honor	1000	Standard
Enrage Warrior	Warrior	Enrage	Sky Raider	1000	Standard
Enrage Warrior	Warrior	Enrage	Armorsmith	1000	Standard
Enrage Warrior	Warrior	Enrage	Battle Rage	1000	Standard
Enrage Warrior	Warrior	Enrage	E.T.C., God of Metal	1000	Standard
Enrage Warrior	Warrior	Enrage	Ancharrr	1000	Standard
Enrage Warrior	Warrior	Enrage	Bloodsworn Mercenary	1000	Standard
Enrage Warrior	Warrior	Enrage	Bomb Wrangler	1000	Standard
Enrage Warrior	Warrior	Enrage	EVIL Quartermaster	1000	Standard
Enrage Warrior	Warrior	Enrage	Lord Barov	1000	Standard
Enrage Warrior	Warrior	Enrage	Warmaul Challenger	1000	Standard
Enrage Warrior	Warrior	Enrage	Kor'kron Elite	1000	Standard
Enrage Warrior	Warrior	Enrage	Reaper's Scythe	1000	Standard
Enrage Warrior	Warrior	Enrage	Sword Eater	1000	Standard
Enrage Warrior	Warrior	Enrage	Cutting Class	1000	Standard
Enrage Warrior	Warrior	Enrage	Bloodboil Brute	1000	Standard
Enrage Warrior	Warrior	Enrage	Grommash Hellscream	1000	Standard
Control Warrior	Warrior	Control	Animated Broomstick	999	Standard
Control Warrior	Warrior	Control	Risky Skipper	999	Standard
Control Warrior	Warrior	Control	Armorsmith	999	Standard
Control Warrior	Warrior	Control	Battle Rage	999	Standard
Control Warrior	Warrior	Control	E.T.C., God of Metal	999	Standard
Control Warrior	Warrior	Control	Ancharrr	999	Standard
Control Warrior	Warrior	Control	Bloodsworn Mercenary	999	Standard
Control Warrior	Warrior	Control	EVIL Quartermaster	999	Standard
Control Warrior	Warrior	Control	Lord Barov	999	Standard
Control Warrior	Warrior	Control	Sword Eater	999	Standard
Control Warrior	Warrior	Control	Cutting Class	999	Standard
Control Warrior	Warrior	Control	Bloodboil Brute	999	Standard
Control Warrior	Warrior	Control	Shield Slam	99	Standard
Control Warrior	Warrior	Control	Stage Dive	99	Standard
Control Warrior	Warrior	Control	Sword and Board	99	Standard
Control Warrior	Warrior	Control	Minefield	99	Standard
Control Warrior	Warrior	Control	Bladestorm	99	Standard
Control Warrior	Warrior	Control	Bulwark of Azzinoth	99	Standard
Control Warrior	Warrior	Control	Coerce	99	Standard
Control Warrior	Warrior	Control	Shield Block	99	Standard
Control Warrior	Warrior	Control	Kargath Bladefist	99	Standard
Control Warrior	Warrior	Control	Brawl	99	Standard
Control Warrior	Warrior	Control	Deathwing, Mad Aspect	99	Standard
Control Warrior	Warrior	Control	Pen Flinger	10000	Standard
Control Warrior	Warrior	Control	Soulbound Ashtongue	10000	Standard
Control Warrior	Warrior	Control	Zephrys the Great	10000	Standard
Control Warrior	Warrior	Control	Ironbeak Owl	10000	Standard
Control Warrior	Warrior	Control	Kobold Stickyfinger	10000	Standard
Control Warrior	Warrior	Control	Silas Darkmoon	10000	Standard
Highlander Warrior	Warrior	Highlander	Acidic Swamp Ooze	100000	Standard
Highlander Warrior	Warrior	Highlander	Bumper Car	100000	Standard
Highlander Warrior	Warrior	Highlander	Frightened Flunky	100000	Standard
Highlander Warrior	Warrior	Highlander	Slam	100000	Standard
Highlander Warrior	Warrior	Highlander	Darkmoon Dirigible	100000	Standard
Highlander Warrior	Warrior	Highlander	Ramming Speed	100000	Standard
Highlander Warrior	Warrior	Highlander	Hecklebot	100000	Standard
Highlander Warrior	Warrior	Highlander	Restless Mummy	100000	Standard
Highlander Warrior	Warrior	Highlander	Cobalt Spellkin	100000	Standard
Highlander Warrior	Warrior	Highlander	Headmaster Kel'Thuzad	100000	Standard
Highlander Warrior	Warrior	Highlander	Plague of Wrath	100000	Standard
Highlander Warrior	Warrior	Highlander	Armagedillo	100000	Standard
Highlander Warrior	Warrior	Highlander	Claw Machine	100000	Standard
Highlander Warrior	Warrior	Highlander	Siamat	100000	Standard
Highlander Warrior	Warrior	Highlander	Tomb Warden	100000	Standard
Highlander Warrior	Warrior	Highlander	Dragonqueen Alexstrasza	100000	Standard
Highlander Warrior	Warrior	Highlander	N'Zoth, God of the Deep	100000	Standard
Taunt Warrior	Warrior	Taunt	Into the Fray	1000000	Standard
Taunt Warrior	Warrior	Taunt	In Formation!	1000000	Standard
Taunt Warrior	Warrior	Taunt	Feat of Strength	1000000	Standard
Taunt Warrior	Warrior	Taunt	Circus Amalgam	1000000	Standard
Taunt Warrior	Warrior	Taunt	Scrap Golem	1000000	Standard
Taunt Warrior	Warrior	Taunt	Khartut Defender	1000000	Standard
Taunt Warrior	Warrior	Taunt	Strongman	1000000	Standard
Taunt Warrior	Warrior	Taunt	Carnival Clown	1000000	Standard
Taunt Warrior	Warrior	Taunt	Y'Shaarj, the Defiler	1000000	Standard
Bomb Warrior	Warrior	Bomb	Upgrade!	10000000	Standard
Bomb Warrior	Warrior	Bomb	Hoard Pillager	10000000	Standard
Bomb Warrior	Warrior	Bomb	Wrenchcalibur	10000000	Standard
Bomb Warrior	Warrior	Bomb	Doctor Krastinov	10000000	Standard
Bomb Warrior	Warrior	Bomb	Blastmaster Boom	10000000	Standard
Galakrond Warrior	Warrior	Galakrond	Ritual Chopper	100000000	Standard
Galakrond Warrior	Warrior	Galakrond	Awaken!	100000000	Standard
Galakrond Warrior	Warrior	Galakrond	Devoted Maniac	100000000	Standard
Galakrond Warrior	Warrior	Galakrond	Scion of Ruin	100000000	Standard
Galakrond Warrior	Warrior	Galakrond	Shield of Galakrond	100000000	Standard
Pirate Warrior	Warrior	Pirate	Bloodsail Corsair	1000000000	Standard
Pirate Warrior	Warrior	Pirate	Hot Air Balloon	1000000000	Standard
Pirate Warrior	Warrior	Pirate	Southsea Deckhand	1000000000	Standard
Pirate Warrior	Warrior	Pirate	Bloodsail Raider	1000000000	Standard
Pirate Warrior	Warrior	Pirate	Heroic Strike	1000000000	Standard
Pirate Warrior	Warrior	Pirate	Parachute Brigand	1000000000	Standard
Pirate Warrior	Warrior	Pirate	Southsea Captain	1000000000	Standard
Pirate Warrior	Warrior	Pirate	Dread Corsair	1000000000	Standard
Pirate Warrior	Warrior	Pirate	Knife Vendor	1000000000	Standard
Lifesteal DemonHunter	DemonHunter	Lifesteal	Consume Magic	1	Wild
Lifesteal DemonHunter	DemonHunter	Lifesteal	Crimson Sigil Runner	1	Wild
Lifesteal DemonHunter	DemonHunter	Lifesteal	Double Jump	1	Wild
Lifesteal DemonHunter	DemonHunter	Lifesteal	Ethereal Augmerchant	1	Wild
Lifesteal DemonHunter	DemonHunter	Lifesteal	Felosophy	1	Wild
Lifesteal DemonHunter	DemonHunter	Lifesteal	Felscream Blast	1	Wild
Lifesteal DemonHunter	DemonHunter	Lifesteal	Throw Glaive	1	Wild
Lifesteal DemonHunter	DemonHunter	Lifesteal	Twin Slice	1	Wild
Lifesteal DemonHunter	DemonHunter	Lifesteal	Blade Dance	1	Wild
Lifesteal DemonHunter	DemonHunter	Lifesteal	Bloodmage Thalnos	1	Wild
Lifesteal DemonHunter	DemonHunter	Lifesteal	Chaos Strike	1	Wild
Lifesteal DemonHunter	DemonHunter	Lifesteal	Immolation Aura	1	Wild
Lifesteal DemonHunter	DemonHunter	Lifesteal	Mo'arg Artificer	1	Wild
Lifesteal DemonHunter	DemonHunter	Lifesteal	Soul Cleave	1	Wild
Lifesteal DemonHunter	DemonHunter	Lifesteal	Spectral Sight	1	Wild
Lifesteal DemonHunter	DemonHunter	Lifesteal	Acrobatics	1	Wild
Lifesteal DemonHunter	DemonHunter	Lifesteal	Aldrachi Warblades	1	Wild
Lifesteal DemonHunter	DemonHunter	Lifesteal	Eye Beam	1	Wild
Lifesteal DemonHunter	DemonHunter	Lifesteal	Soul Cleave	1	Wild
Lifesteal DemonHunter	DemonHunter	Lifesteal	Ashtongue Battlelord	1	Wild
Lifesteal DemonHunter	DemonHunter	Lifesteal	Il'gynoth	1	Wild
Lifesteal DemonHunter	DemonHunter	Lifesteal	Chaos Nova	1	Wild
Lifesteal DemonHunter	DemonHunter	Lifesteal	Lorekeeper Polkelt	1	Wild
Lifesteal DemonHunter	DemonHunter	Lifesteal	Skull of Gul'dan	1	Wild
Soul DemonHunter	DemonHunter	Soul	Spirit Jailer	10	Wild
Soul DemonHunter	DemonHunter	Soul	Manafeeder Panthara	10	Wild
Soul DemonHunter	DemonHunter	Soul	Soul Shear	10	Wild
Soul DemonHunter	DemonHunter	Soul	Wandmaker	10	Wild
Soul DemonHunter	DemonHunter	Soul	Shardshatter Mystic	10	Wild
Soul DemonHunter	DemonHunter	Soul	Kayn Sunfury	10	Wild
Soul DemonHunter	DemonHunter	Soul	Marrowslicer	10	Wild
Soul DemonHunter	DemonHunter	Soul	Glaivebound Adept	10	Wild
Soul DemonHunter	DemonHunter	Soul	Soulshard Lapidary	10	Wild
Soul DemonHunter	DemonHunter	Soul	Bladed Lady	10	Wild
Soul DemonHunter	DemonHunter	Soul	Soulciologist Malicia	10	Wild
Odd DemonHunter	DemonHunter	Odd	Battlefiend	100	Wild
Odd DemonHunter	DemonHunter	Odd	Beaming Sidekick	100	Wild
Odd DemonHunter	DemonHunter	Odd	Blazing Battlemage	100	Wild
Odd DemonHunter	DemonHunter	Odd	Demon Companion	100	Wild
Odd DemonHunter	DemonHunter	Odd	Glacial Shard	100	Wild
Odd DemonHunter	DemonHunter	Odd	Guardian Augmerchant	100	Wild
Odd DemonHunter	DemonHunter	Odd	Intrepid Initiate	100	Wild
Odd DemonHunter	DemonHunter	Odd	Lowly Squire	100	Wild
Odd DemonHunter	DemonHunter	Odd	Mana Burn	100	Wild
Odd DemonHunter	DemonHunter	Odd	Patches the Pirate	100	Wild
Odd DemonHunter	DemonHunter	Odd	Pen Flinger	100	Wild
Odd DemonHunter	DemonHunter	Odd	Shadowhoof Slayer	100	Wild
Odd DemonHunter	DemonHunter	Odd	Southsea Deckhand	100	Wild
Odd DemonHunter	DemonHunter	Odd	Dreadlord's Bite	100	Wild
Odd DemonHunter	DemonHunter	Odd	Hench-Clan Thug	100	Wild
Odd DemonHunter	DemonHunter	Odd	Satyr Overseer	100	Wild
Odd DemonHunter	DemonHunter	Odd	Stiltstepper	100	Wild
Odd DemonHunter	DemonHunter	Odd	Voracious Reader	100	Wild
Odd DemonHunter	DemonHunter	Odd	Leeroy Jenkins	100	Wild
Odd DemonHunter	DemonHunter	Odd	Baku the Mooneater	100	Wild
Aggro DemonHunter	DemonHunter	Aggro	Bonechewer Brawler	1000	Wild
Aggro DemonHunter	DemonHunter	Aggro	Cult Neophyte	1000	Wild
Aggro DemonHunter	DemonHunter	Aggro	Redeemed Pariah	1000	Wild
Aggro DemonHunter	DemonHunter	Aggro	Umberwing	1000	Wild
Aggro DemonHunter	DemonHunter	Aggro	Wriggling Horror	1000	Wild
Aggro DemonHunter	DemonHunter	Aggro	Line Hopper	1000	Wild
Aggro DemonHunter	DemonHunter	Aggro	Vilefiend Trainer	1000	Wild
Token DemonHunter	DemonHunter	Token	Ur'zul Horror	10000	Wild
Token DemonHunter	DemonHunter	Token	Feast of Souls	10000	Wild
Token DemonHunter	DemonHunter	Token	Sightless Watcher	10000	Wild
Token DemonHunter	DemonHunter	Token	Coordinated Strike	10000	Wild
Token DemonHunter	DemonHunter	Token	Wrathscale Naga	10000	Wild
Token DemonHunter	DemonHunter	Token	Illidari Felblade	10000	Wild
Token DemonHunter	DemonHunter	Token	Command the Illidari	10000	Wild
Token DemonHunter	DemonHunter	Token	Nethrandamus	10000	Wild
Aviana Druid	Druid	Aviana	Innervate	1	Wild
Aviana Druid	Druid	Aviana	Lightning Bloom	1	Wild
Aviana Druid	Druid	Aviana	Moonfire	1	Wild
Aviana Druid	Druid	Aviana	Biology Project	1	Wild
Aviana Druid	Druid	Aviana	Living Roots	1	Wild
Aviana Druid	Druid	Aviana	Nature Studies	1	Wild
Aviana Druid	Druid	Aviana	Sphere of Sapience	1	Wild
Aviana Druid	Druid	Aviana	Ferocious Howl	1	Wild
Aviana Druid	Druid	Aviana	Branching Paths	1	Wild
Aviana Druid	Druid	Aviana	Juicy Psychmelon	1	Wild
Aviana Druid	Druid	Aviana	Overgrowth	1	Wild
Aviana Druid	Druid	Aviana	Swipe	1	Wild
Aviana Druid	Druid	Aviana	Spreading Plague	1	Wild
Aviana Druid	Druid	Aviana	Kael'thas Sunstrider	1	Wild
Aviana Druid	Druid	Aviana	Jepetto Joybuzz	1	Wild
Aviana Druid	Druid	Aviana	Malygos	1	Wild
Aviana Druid	Druid	Aviana	Sathrovarr	1	Wild
Aviana Druid	Druid	Aviana	Aviana	1	Wild
Aviana Druid	Druid	Aviana	Kun the Forgotten King	1	Wild
Aviana Druid	Druid	Aviana	Ultimate Infestation	1	Wild
Jade Druid	Druid	Jade	Jade Idol	10	Wild
Jade Druid	Druid	Jade	Lesser Jasper Spellstone	10	Wild
Jade Druid	Druid	Jade	Naturalize	10	Wild
Jade Druid	Druid	Jade	Lunar Eclipse	10	Wild
Jade Druid	Druid	Jade	Solar Eclipse	10	Wild
Jade Druid	Druid	Jade	Jade Blossom	10	Wild
Jade Druid	Druid	Jade	Archmage Vargoth	10	Wild
Jade Druid	Druid	Jade	Oaken Summons	10	Wild
Jade Druid	Druid	Jade	Poison Seeds	10	Wild
Jade Druid	Druid	Jade	Zul'Drak Ritualist	10	Wild
Jade Druid	Druid	Jade	Anubisath Defender	10	Wild
Jade Druid	Druid	Jade	Arcane Tyrant	10	Wild
Jade Druid	Druid	Jade	Starfall	10	Wild
Jade Druid	Druid	Jade	Nourish	10	Wild
Jade Druid	Druid	Jade	Malfurion the Pestilent	10	Wild
Jade Druid	Druid	Jade	Overflow	10	Wild
Jade Druid	Druid	Jade	Ysera, Unleashed	10	Wild
Jade Druid	Druid	Jade	Yogg-Saron, Hope's End	10	Wild
Jade Druid	Druid	Jade	Yogg-Saron, Master of Fate	10	Wild
Miracle Druid	Druid	Miracle	Embiggen	100	Wild
Miracle Druid	Druid	Miracle	Pounce	100	Wild
Miracle Druid	Druid	Miracle	Adorable Infestation	100	Wild
Miracle Druid	Druid	Miracle	Earthen Scales	100	Wild
Miracle Druid	Druid	Miracle	Floop's Glorious Gloop	100	Wild
Miracle Druid	Druid	Miracle	Ironbark	100	Wild
Miracle Druid	Druid	Miracle	Bogbeam	100	Wild
Miracle Druid	Druid	Miracle	BEEEES!!!	100	Wild
Miracle Druid	Druid	Miracle	Twig of the World Tree	100	Wild
Miracle Druid	Druid	Miracle	Witchwood Piper	100	Wild
Miracle Druid	Druid	Miracle	Gadgetzan Auctioneer	100	Wild
Big Druid	Druid	Big	Strength in Numbers	1000	Wild
Big Druid	Druid	Big	Breath of Dreams	1000	Wild
Big Druid	Druid	Big	Imprisoned Satyr	1000	Wild
Big Druid	Druid	Big	Circus Amalgam	1000	Wild
Big Druid	Druid	Big	Frizz Kindleroost	1000	Wild
Big Druid	Druid	Big	Claw Machine	1000	Wild
Big Druid	Druid	Big	Emerald Explorer	1000	Wild
Big Druid	Druid	Big	Evasive Drakonid	1000	Wild
Big Druid	Druid	Big	Winged Guardian	1000	Wild
Big Druid	Druid	Big	Twin Tyrant	1000	Wild
Big Druid	Druid	Big	Alexstrasza	1000	Wild
Big Druid	Druid	Big	Fizzy Elemental	1000	Wild
Big Druid	Druid	Big	N'Zoth, God of the Deep	1000	Wild
Big Druid	Druid	Big	Scrapyard Colossus	1000	Wild
Aggro Druid	Druid	Aggro	Beaming Sidekick	10000	Wild
Aggro Druid	Druid	Aggro	Bloodsail Corsair	10000	Wild
Aggro Druid	Druid	Aggro	Gibberling	10000	Wild
Aggro Druid	Druid	Aggro	Infectious Sporeling	10000	Wild
Aggro Druid	Druid	Aggro	Intrepid Initiate	10000	Wild
Aggro Druid	Druid	Aggro	Mark of the Lotus	10000	Wild
Aggro Druid	Druid	Aggro	Patches the Pirate	10000	Wild
Aggro Druid	Druid	Aggro	Sir Finley Mrrgglton	10000	Wild
Aggro Druid	Druid	Aggro	Southsea Deckhand	10000	Wild
Aggro Druid	Druid	Aggro	Nerub'ar Weblord	10000	Wild
Aggro Druid	Druid	Aggro	Parachute Brigand	10000	Wild
Aggro Druid	Druid	Aggro	Power of the Wild	10000	Wild
Aggro Druid	Druid	Aggro	Wriggling Horror	10000	Wild
Aggro Druid	Druid	Aggro	Blessing of the Ancients	10000	Wild
Aggro Druid	Druid	Aggro	Savage Roar	10000	Wild
Aggro Druid	Druid	Aggro	Voracious Reader	10000	Wild
Spell Hunter	Hunter	Spell	Arcane Shot	1	Wild
Spell Hunter	Hunter	Spell	Candleshot	1	Wild
Spell Hunter	Hunter	Spell	Secret Plan	1	Wild
Spell Hunter	Hunter	Spell	Tracking	1	Wild
Spell Hunter	Hunter	Spell	Cat Trick	1	Wild
Spell Hunter	Hunter	Spell	Explosive Trap	1	Wild
Spell Hunter	Hunter	Spell	Flare	1	Wild
Spell Hunter	Hunter	Spell	Freezing Trap	1	Wild
Spell Hunter	Hunter	Spell	Pressure Plate	1	Wild
Spell Hunter	Hunter	Spell	Snipe	1	Wild
Spell Hunter	Hunter	Spell	Wandering Monster	1	Wild
Spell Hunter	Hunter	Spell	Animal Companion	1	Wild
Spell Hunter	Hunter	Spell	Deadly Shot	1	Wild
Spell Hunter	Hunter	Spell	Eaglehorn Bow	1	Wild
Spell Hunter	Hunter	Spell	Kill Command	1	Wild
Spell Hunter	Hunter	Spell	Unleash the Hounds	1	Wild
Spell Hunter	Hunter	Spell	Flanking Strike	1	Wild
Spell Hunter	Hunter	Spell	Marked Shot	1	Wild
Spell Hunter	Hunter	Spell	Lesser Emerald Spellstone	1	Wild
Spell Hunter	Hunter	Spell	To My Side!	1	Wild
Spell Hunter	Hunter	Spell	Rhok'delar	1	Wild
Spell Hunter	Hunter	Spell	Call of the Wild	1	Wild
Spell Hunter	Hunter	Spell	Zul'jin	1	Wild
Reno Hunter	Hunter	Reno	Cult Neophyte	10	Wild
Reno Hunter	Hunter	Reno	Garrison Commander	10	Wild
Reno Hunter	Hunter	Reno	Glaivezooka	10	Wild
Reno Hunter	Hunter	Reno	Golakka Crawler	10	Wild
Reno Hunter	Hunter	Reno	Mad Scientist	10	Wild
Reno Hunter	Hunter	Reno	Manafeeder Panthara	10	Wild
Reno Hunter	Hunter	Reno	Phase Stalker	10	Wild
Reno Hunter	Hunter	Reno	Scavenger's Ingenuity	10	Wild
Reno Hunter	Hunter	Reno	Steamwheedle Sniper	10	Wild
Reno Hunter	Hunter	Reno	Zephrys the Great	10	Wild
Reno Hunter	Hunter	Reno	Bad Luck Albatross	10	Wild
Reno Hunter	Hunter	Reno	Dragonbane	10	Wild
Reno Hunter	Hunter	Reno	Escaped Manasaber	10	Wild
Reno Hunter	Hunter	Reno	Frenzied Felwing	10	Wild
Reno Hunter	Hunter	Reno	Houndmaster Shaw	10	Wild
Reno Hunter	Hunter	Reno	Hyena Alpha	10	Wild
Reno Hunter	Hunter	Reno	Knife Vendor	10	Wild
Reno Hunter	Hunter	Reno	Lifedrinker	10	Wild
Reno Hunter	Hunter	Reno	Maiev Shadowsong	10	Wild
Reno Hunter	Hunter	Reno	Rinling's Rifle	10	Wild
Reno Hunter	Hunter	Reno	Genn Greymane	10	Wild
Reno Hunter	Hunter	Reno	Reno Jackson	10	Wild
Reno Hunter	Hunter	Reno	Dinotamer Brann	10	Wild
Reno Hunter	Hunter	Reno	Ragnaros the Firelord	10	Wild
Face Hunter	Hunter	Face	Adorable Infestation	100	Wild
Face Hunter	Hunter	Face	Demon Companion	100	Wild
Face Hunter	Hunter	Face	Dwarven Sharpshooter	100	Wild
Face Hunter	Hunter	Face	Intrepid Initiate	100	Wild
Face Hunter	Hunter	Face	Tour Guide	100	Wild
Face Hunter	Hunter	Face	Toxic Reinforcements	100	Wild
Face Hunter	Hunter	Face	Wolpertinger	100	Wild
Face Hunter	Hunter	Face	Imprisoned Felmaw	100	Wild
Face Hunter	Hunter	Face	Voracious Reader	100	Wild
Secret Hunter	Hunter	Secret	Secretkeeper	1000	Wild
Secret Hunter	Hunter	Secret	Mystery Winner	1000	Wild
Secret Hunter	Hunter	Secret	Cloaked Huntress	1000	Wild
Secret Hunter	Hunter	Secret	Inconspicuous Rider	1000	Wild
Secret Hunter	Hunter	Secret	Petting Zoo	1000	Wild
Secret Hunter	Hunter	Secret	Subject 9	1000	Wild
Beast Hunter	Hunter	Beast	Alleycat	10000	Wild
Beast Hunter	Hunter	Beast	Jeweled Macaw	10000	Wild
Beast Hunter	Hunter	Beast	Shimmerfly	10000	Wild
Beast Hunter	Hunter	Beast	Springpaw	10000	Wild
Beast Hunter	Hunter	Beast	Timber Wolf	10000	Wild
Beast Hunter	Hunter	Beast	Crackling Razormaw	10000	Wild
Beast Hunter	Hunter	Beast	Scavenging Hyena	10000	Wild
Beast Hunter	Hunter	Beast	Master's Call	10000	Wild
Beast Hunter	Hunter	Beast	Houndmaster	10000	Wild
Beast Hunter	Hunter	Beast	Tundra Rhino	10000	Wild
Beast Hunter	Hunter	Beast	Savannah Highmane	10000	Wild
Deathrattle Hunter	Hunter	Deathrattle	Animated Broomstick	100000	Wild
Deathrattle Hunter	Hunter	Deathrattle	Carrion Studies	100000	Wild
Deathrattle Hunter	Hunter	Deathrattle	Play Dead	100000	Wild
Deathrattle Hunter	Hunter	Deathrattle	Feign Death	100000	Wild
Deathrattle Hunter	Hunter	Deathrattle	Fireworks Tech	100000	Wild
Deathrattle Hunter	Hunter	Deathrattle	Nine Lives	100000	Wild
Deathrattle Hunter	Hunter	Deathrattle	Spider Bomb	100000	Wild
Deathrattle Hunter	Hunter	Deathrattle	Ursatron	100000	Wild
Deathrattle Hunter	Hunter	Deathrattle	Mok'Nathal Lion	100000	Wild
Deathrattle Hunter	Hunter	Deathrattle	Barnes	100000	Wild
Deathrattle Hunter	Hunter	Deathrattle	Teacher's Pet	100000	Wild
Deathrattle Hunter	Hunter	Deathrattle	Claw Machine	100000	Wild
Deathrattle Hunter	Hunter	Deathrattle	Khartut Defender	100000	Wild
Deathrattle Hunter	Hunter	Deathrattle	Maxima Blastenheimer	100000	Wild
Deathrattle Hunter	Hunter	Deathrattle	Oblivitron	100000	Wild
Deathrattle Hunter	Hunter	Deathrattle	Sylvanas Windrunner	100000	Wild
Deathrattle Hunter	Hunter	Deathrattle	Darkmoon Tonk	100000	Wild
Deathrattle Hunter	Hunter	Deathrattle	Flark's Boom-Zooka	100000	Wild
Deathrattle Hunter	Hunter	Deathrattle	Jewel of N'Zoth	100000	Wild
Deathrattle Hunter	Hunter	Deathrattle	Sneed's Old Shredder	100000	Wild
Deathrattle Hunter	Hunter	Deathrattle	Scrapyard Colossus	100000	Wild
Mech Hunter	Hunter	Mech	Cogmaster	1000000	Wild
Mech Hunter	Hunter	Mech	Faithful Lumi	1000000	Wild
Mech Hunter	Hunter	Mech	Hot Air Balloon	1000000	Wild
Mech Hunter	Hunter	Mech	Mecharoo	1000000	Wild
Mech Hunter	Hunter	Mech	Annoy-o-Tron	1000000	Wild
Mech Hunter	Hunter	Mech	Galvanizer	1000000	Wild
Mech Hunter	Hunter	Mech	Mechwarper	1000000	Wild
Mech Hunter	Hunter	Mech	Upgradeable Framebot	1000000	Wild
Mech Hunter	Hunter	Mech	Venomizer	1000000	Wild
Mech Hunter	Hunter	Mech	Bronze Gatekeeper	1000000	Wild
Mech Hunter	Hunter	Mech	Flying Machine	1000000	Wild
Mech Hunter	Hunter	Mech	Metaltooth Leaper	1000000	Wild
Mech Hunter	Hunter	Mech	Explodinator	1000000	Wild
Mech Hunter	Hunter	Mech	Piloted Shredder	1000000	Wild
Mech Hunter	Hunter	Mech	Replicating Menace	1000000	Wild
Mech Hunter	Hunter	Mech	Jeeves	1000000	Wild
Mech Hunter	Hunter	Mech	Wargear	1000000	Wild
Mech Hunter	Hunter	Mech	Missile Launcher	1000000	Wild
Dragon Hunter	Hunter	Dragon	Corrosive Breath	10000000	Wild
Dragon Hunter	Hunter	Dragon	Faerie Dragon	10000000	Wild
Dragon Hunter	Hunter	Dragon	Primordial Explorer	10000000	Wild
Dragon Hunter	Hunter	Dragon	Scalerider	10000000	Wild
Dragon Hunter	Hunter	Dragon	Stormhammer	10000000	Wild
Dragon Hunter	Hunter	Dragon	Evasive Feywing	10000000	Wild
Dragon Hunter	Hunter	Dragon	Big Ol' Whelp	10000000	Wild
Dragon Hunter	Hunter	Dragon	Rotnest Drake	10000000	Wild
Dragon Hunter	Hunter	Dragon	Evasive Wyrm	10000000	Wild
Spell Mage	Mage	Spell	Font of Power	1	Wild
Spell Mage	Mage	Spell	Learn Draconic	1	Wild
Spell Mage	Mage	Spell	Magic Trick	1	Wild
Spell Mage	Mage	Spell	Ray of Frost	1	Wild
Spell Mage	Mage	Spell	Ancient Mysteries	1	Wild
Spell Mage	Mage	Spell	Deck of Lunacy	1	Wild
Spell Mage	Mage	Spell	Evocation	1	Wild
Spell Mage	Mage	Spell	Frostbolt	1	Wild
Spell Mage	Mage	Spell	Incanter's Flow	1	Wild
Spell Mage	Mage	Spell	Primordial Glyph	1	Wild
Spell Mage	Mage	Spell	Arcane Intellect	1	Wild
Spell Mage	Mage	Spell	Counterspell	1	Wild
Spell Mage	Mage	Spell	Flame Ward	1	Wild
Spell Mage	Mage	Spell	Ice Barrier	1	Wild
Spell Mage	Mage	Spell	Netherwind Portal	1	Wild
Spell Mage	Mage	Spell	Rigged Faire Game	1	Wild
Spell Mage	Mage	Spell	Fireball	1	Wild
Spell Mage	Mage	Spell	Polymorph	1	Wild
Spell Mage	Mage	Spell	Apexis Blast	1	Wild
Spell Mage	Mage	Spell	Rolling Fireball	1	Wild
Spell Mage	Mage	Spell	Blizzard	1	Wild
Spell Mage	Mage	Spell	Flamestrike	1	Wild
Spell Mage	Mage	Spell	Deep Freeze	1	Wild
Spell Mage	Mage	Spell	Power of Creation	1	Wild
Exodia Mage	Mage	Exodia	Arcane Artificer	10	Wild
Exodia Mage	Mage	Exodia	Doomsayer	10	Wild
Exodia Mage	Mage	Exodia	Mad Scientist	10	Wild
Exodia Mage	Mage	Exodia	Novice Engineer	10	Wild
Exodia Mage	Mage	Exodia	Sorcerer's Apprentice	10	Wild
Exodia Mage	Mage	Exodia	Coldlight Oracle	10	Wild
Exodia Mage	Mage	Exodia	Simulacrum	10	Wild
Exodia Mage	Mage	Exodia	Cone of Cold	10	Wild
Exodia Mage	Mage	Exodia	Molten Reflection	10	Wild
Exodia Mage	Mage	Exodia	Emperor Thaurissan	10	Wild
Exodia Mage	Mage	Exodia	Archmage Antonidas	10	Wild
Quest Mage	Mage	Quest	Elemental Evocation	100	Wild
Quest Mage	Mage	Quest	Open the Waygate	100	Wild
Quest Mage	Mage	Quest	Violet Spellwing	100	Wild
Quest Mage	Mage	Quest	Wand Thief	100	Wild
Quest Mage	Mage	Quest	Book of Specters	100	Wild
Quest Mage	Mage	Quest	Licensed Adventurer	100	Wild
Quest Mage	Mage	Quest	Mana Cyclone	100	Wild
Quest Mage	Mage	Quest	Questing Explorer	100	Wild
Quest Mage	Mage	Quest	Wandmaker	100	Wild
Quest Mage	Mage	Quest	Flamewaker	100	Wild
Quest Mage	Mage	Quest	Mana Giant	100	Wild
Quest Mage	Mage	Quest	Arcane Giant	100	Wild
Secret Mage	Mage	Secret	Kabal Lackey	1000	Wild
Secret Mage	Mage	Secret	Arcane Flakmage	1000	Wild
Secret Mage	Mage	Secret	Arcanologist	1000	Wild
Secret Mage	Mage	Secret	Game Master	1000	Wild
Secret Mage	Mage	Secret	Medivh's Valet	1000	Wild
Secret Mage	Mage	Secret	Inconspicuous Rider	1000	Wild
Secret Mage	Mage	Secret	Kirin Tor Mage	1000	Wild
Secret Mage	Mage	Secret	Occult Conjurer	1000	Wild
Secret Mage	Mage	Secret	Cloud Prince	1000	Wild
Secret Mage	Mage	Secret	Kabal Crystal Runner	1000	Wild
Secret Mage	Mage	Secret	Sayge, Seer of Darkmoon	1000	Wild
Reno Mage	Mage	Reno	Apexis Smuggler	10000	Wild
Reno Mage	Mage	Reno	Zephrys the Great	10000	Wild
Reno Mage	Mage	Reno	Brann Bronzebeard	10000	Wild
Reno Mage	Mage	Reno	Zola the Gorgon	10000	Wild
Reno Mage	Mage	Reno	Arcane Keysmith	10000	Wild
Reno Mage	Mage	Reno	Kazakus	10000	Wild
Reno Mage	Mage	Reno	Jandice Barov	10000	Wild
Reno Mage	Mage	Reno	Loatheb	10000	Wild
Reno Mage	Mage	Reno	Lorekeeper Polkelt	10000	Wild
Reno Mage	Mage	Reno	Reno Jackson	10000	Wild
Reno Mage	Mage	Reno	Reno the Relicologist	10000	Wild
Odd Paladin	Paladin	Odd	Animated Broomstick	1	Wild
Odd Paladin	Paladin	Odd	Blessing of Might	1	Wild
Odd Paladin	Paladin	Odd	Brazen Zealot	1	Wild
Odd Paladin	Paladin	Odd	Competitive Spirit	1	Wild
Odd Paladin	Paladin	Odd	Crystology	1	Wild
Odd Paladin	Paladin	Odd	Lost in the Jungle	1	Wild
Odd Paladin	Paladin	Odd	Never Surrender!	1	Wild
Odd Paladin	Paladin	Odd	Oh My Yogg!	1	Wild
Odd Paladin	Paladin	Odd	Patches the Pirate	1	Wild
Odd Paladin	Paladin	Odd	Righteous Cause	1	Wild
Odd Paladin	Paladin	Odd	Righteous Protector	1	Wild
Odd Paladin	Paladin	Odd	Southsea Deckhand	1	Wild
Odd Paladin	Paladin	Odd	Tour Guide	1	Wild
Odd Paladin	Paladin	Odd	Carnival Barker	1	Wild
Odd Paladin	Paladin	Odd	Day at the Faire	1	Wild
Odd Paladin	Paladin	Odd	Divine Favor	1	Wild
Odd Paladin	Paladin	Odd	Muster for Battle	1	Wild
Odd Paladin	Paladin	Odd	Rallying Blade	1	Wild
Odd Paladin	Paladin	Odd	Steward of Darkshire	1	Wild
Odd Paladin	Paladin	Odd	Warhorse Trainer	1	Wild
Odd Paladin	Paladin	Odd	Blessing of Authority	1	Wild
Odd Paladin	Paladin	Odd	Leeroy Jenkins	1	Wild
Odd Paladin	Paladin	Odd	Loatheb	1	Wild
Odd Paladin	Paladin	Odd	Lothraxion the Redeemed	1	Wild
Odd Paladin	Paladin	Odd	Quartermaster	1	Wild
Odd Paladin	Paladin	Odd	Corridor Creeper	1	Wild
Odd Paladin	Paladin	Odd	Baku the Mooneater	1	Wild
Pure Paladin	Paladin	Pure	First Day of School	10	Wild
Pure Paladin	Paladin	Pure	Aldor Attendant	10	Wild
Pure Paladin	Paladin	Pure	Air Raid	10	Wild
Pure Paladin	Paladin	Pure	Argent Braggart	10	Wild
Pure Paladin	Paladin	Pure	Hand of A'dal	10	Wild
Pure Paladin	Paladin	Pure	Libram of Wisdom	10	Wild
Pure Paladin	Paladin	Pure	Murgur Murgurgle	10	Wild
Pure Paladin	Paladin	Pure	Shotbot	10	Wild
Pure Paladin	Paladin	Pure	Subdue	10	Wild
Pure Paladin	Paladin	Pure	Bronze Explorer	10	Wild
Pure Paladin	Paladin	Pure	Blessing of Kings	10	Wild
Pure Paladin	Paladin	Pure	Consecration	10	Wild
Pure Paladin	Paladin	Pure	High Abbess Alura	10	Wild
Pure Paladin	Paladin	Pure	Lightforged Zealot	10	Wild
Pure Paladin	Paladin	Pure	Aldor Truthseeker	10	Wild
Pure Paladin	Paladin	Pure	Devout Pupil	10	Wild
Pure Paladin	Paladin	Pure	Hammer of the Naaru	10	Wild
Pure Paladin	Paladin	Pure	Lady Liadrin	10	Wild
Pure Paladin	Paladin	Pure	Lightforged Crusader	10	Wild
Pure Paladin	Paladin	Pure	High Exarch Yrel	10	Wild
Pure Paladin	Paladin	Pure	Libram of Hope	10	Wild
Secret Paladin	Paladin	Secret	Avenge	100	Wild
Secret Paladin	Paladin	Secret	Noble Sacrifice	100	Wild
Secret Paladin	Paladin	Secret	Redemption	100	Wild
Secret Paladin	Paladin	Secret	Secretkeeper	100	Wild
Secret Paladin	Paladin	Secret	Annoy-o-Tron	100	Wild
Secret Paladin	Paladin	Secret	Haunted Creeper	100	Wild
Secret Paladin	Paladin	Secret	Knife Juggler	100	Wild
Secret Paladin	Paladin	Secret	Shielded Minibot	100	Wild
Secret Paladin	Paladin	Secret	Call to Arms	100	Wild
Secret Paladin	Paladin	Secret	Lorekeeper Polkelt	100	Wild
Secret Paladin	Paladin	Secret	Mysterious Challenger	100	Wild
Mech Paladin	Paladin	Mech	Glow-Tron	1000	Wild
Mech Paladin	Paladin	Mech	Skaterbot	1000	Wild
Mech Paladin	Paladin	Mech	Smuggler's Run	1000	Wild
Mech Paladin	Paladin	Mech	Galvanizer	1000	Wild
Mech Paladin	Paladin	Mech	Grimestreet Outfitter	1000	Wild
Mech Paladin	Paladin	Mech	Mechwarper	1000	Wild
Mech Paladin	Paladin	Mech	Flying Machine	1000	Wild
Mech Paladin	Paladin	Mech	SN1P-SN4P	1000	Wild
Mech Paladin	Paladin	Mech	Annoy-o-Module	1000	Wild
Mech Paladin	Paladin	Mech	Replicating Menace	1000	Wild
Mech Paladin	Paladin	Mech	Wargear	1000	Wild
Mech Paladin	Paladin	Mech	Zilliax	1000	Wild
Murloc Paladin	Paladin	Murloc	Grimscale Chum	10000	Wild
Murloc Paladin	Paladin	Murloc	Grimscale Oracle	10000	Wild
Murloc Paladin	Paladin	Murloc	Murmy	10000	Wild
Murloc Paladin	Paladin	Murloc	Sir Finley Mrrgglton	10000	Wild
Murloc Paladin	Paladin	Murloc	Toxfin	10000	Wild
Murloc Paladin	Paladin	Murloc	Vilefin Inquisitor	10000	Wild
Murloc Paladin	Paladin	Murloc	Bluegill Warrior	10000	Wild
Murloc Paladin	Paladin	Murloc	Hydrologist	10000	Wild
Murloc Paladin	Paladin	Murloc	Fishflinger	10000	Wild
Murloc Paladin	Paladin	Murloc	Rockpool Hunter	10000	Wild
Murloc Paladin	Paladin	Murloc	Coldlight Seer	10000	Wild
Murloc Paladin	Paladin	Murloc	Murloc Warleader	10000	Wild
Murloc Paladin	Paladin	Murloc	Felfin Navigator	10000	Wild
Murloc Paladin	Paladin	Murloc	Fishy Flyer	10000	Wild
Murloc Paladin	Paladin	Murloc	Gentle Megasaur	10000	Wild
Murloc Paladin	Paladin	Murloc	Old Murk-Eye	10000	Wild
Murloc Paladin	Paladin	Murloc	Finja, the Flying Star	10000	Wild
Murloc Paladin	Paladin	Murloc	Scalelord	10000	Wild
Murloc Paladin	Paladin	Murloc	Tip the Scales	10000	Wild
Big Priest	Priest	Big	Holy Smite	1	Wild
Big Priest	Priest	Big	Renew	1	Wild
Big Priest	Priest	Big	Sphere of Sapience	1	Wild
Big Priest	Priest	Big	Wave of Apathy	1	Wild
Big Priest	Priest	Big	Penance	1	Wild
Big Priest	Priest	Big	Resurrect	1	Wild
Big Priest	Priest	Big	Shadow Visions	1	Wild
Big Priest	Priest	Big	Shadow Word: Death	1	Wild
Big Priest	Priest	Big	Shadow Word: Pain	1	Wild
Big Priest	Priest	Big	Spirit Lash	1	Wild
Big Priest	Priest	Big	Breath of the Infinite	1	Wild
Big Priest	Priest	Big	Palm Reading	1	Wild
Big Priest	Priest	Big	Archmage Vargoth	1	Wild
Big Priest	Priest	Big	Eternal Servitude	1	Wild
Big Priest	Priest	Big	Holy Nova	1	Wild
Big Priest	Priest	Big	Mass Dispel	1	Wild
Big Priest	Priest	Big	Convincing Infiltrator	1	Wild
Big Priest	Priest	Big	Mass Hysteria	1	Wild
Big Priest	Priest	Big	Zilliax	1	Wild
Big Priest	Priest	Big	Khartut Defender	1	Wild
Big Priest	Priest	Big	Shadow Essence	1	Wild
Big Priest	Priest	Big	Lesser Diamond Spellstone	1	Wild
Big Priest	Priest	Big	Psychic Scream	1	Wild
Big Priest	Priest	Big	Blood of G'huun	1	Wild
Big Priest	Priest	Big	Mass Resurrection	1	Wild
Big Priest	Priest	Big	Obsidian Statue	1	Wild
Big Priest	Priest	Big	Scrapyard Colossus	1	Wild
Reno Priest	Priest	Reno	Raise Dead	10	Wild
Reno Priest	Priest	Reno	Northshire Cleric	10	Wild
Reno Priest	Priest	Reno	Pen Flinger	10	Wild
Reno Priest	Priest	Reno	Potion of Madness	10	Wild
Reno Priest	Priest	Reno	Bloodmage Thalnos	10	Wild
Reno Priest	Priest	Reno	Dirty Rat	10	Wild
Reno Priest	Priest	Reno	Insight	10	Wild
Reno Priest	Priest	Reno	Loot Hoarder	10	Wild
Reno Priest	Priest	Reno	Manafeeder Panthara	10	Wild
Reno Priest	Priest	Reno	Mo'arg Artificer	10	Wild
Reno Priest	Priest	Reno	Novice Engineer	10	Wild
Reno Priest	Priest	Reno	Seance	10	Wild
Reno Priest	Priest	Reno	Zephrys the Great	10	Wild
Reno Priest	Priest	Reno	Acolyte of Pain	10	Wild
Reno Priest	Priest	Reno	Mindrender Illucia	10	Wild
Reno Priest	Priest	Reno	Kazakus	10	Wild
Reno Priest	Priest	Reno	Spawn of Shadows	10	Wild
Reno Priest	Priest	Reno	Lorekeeper Polkelt	10	Wild
Reno Priest	Priest	Reno	Raza the Chained	10	Wild
Reno Priest	Priest	Reno	Reno Jackson	10	Wild
Reno Priest	Priest	Reno	Shadowreaper Anduin	10	Wild
Odd Rogue	Rogue	Odd	Bloodsail Flybooter	1	Wild
Odd Rogue	Rogue	Odd	Buccaneer	1	Wild
Odd Rogue	Rogue	Odd	Deadly Poison	1	Wild
Odd Rogue	Rogue	Odd	Patches the Pirate	1	Wild
Odd Rogue	Rogue	Odd	Prize Plunderer	1	Wild
Odd Rogue	Rogue	Odd	Secret Passage	1	Wild
Odd Rogue	Rogue	Odd	Southsea Deckhand	1	Wild
Odd Rogue	Rogue	Odd	Spymistress	1	Wild
Odd Rogue	Rogue	Odd	Tour Guide	1	Wild
Odd Rogue	Rogue	Odd	Wand Thief	1	Wild
Odd Rogue	Rogue	Odd	Beneath the Grounds	1	Wild
Odd Rogue	Rogue	Odd	EVIL Miscreant	1	Wild
Odd Rogue	Rogue	Odd	Hench-Clan Thug	1	Wild
Odd Rogue	Rogue	Odd	Vulpera Toxinblade	1	Wild
Odd Rogue	Rogue	Odd	Cutting Class	1	Wild
Odd Rogue	Rogue	Odd	Doctor Krastinov	1	Wild
Odd Rogue	Rogue	Odd	Jandice Barov	1	Wild
Odd Rogue	Rogue	Odd	Leeroy Jenkins	1	Wild
Odd Rogue	Rogue	Odd	Loatheb	1	Wild
Odd Rogue	Rogue	Odd	Vilespine Slayer	1	Wild
Odd Rogue	Rogue	Odd	Baku the Mooneater	1	Wild
Kingsbane Rogue	Rogue	Kingsbane	Preparation	10	Wild
Kingsbane Rogue	Rogue	Kingsbane	Kingsbane	10	Wild
Kingsbane Rogue	Rogue	Kingsbane	Cavern Shinyfinder	10	Wild
Kingsbane Rogue	Rogue	Kingsbane	Eviscerate	10	Wild
Kingsbane Rogue	Rogue	Kingsbane	Foxy Fraud	10	Wild
Kingsbane Rogue	Rogue	Kingsbane	Parachute Brigand	10	Wild
Kingsbane Rogue	Rogue	Kingsbane	Sap	10	Wild
Kingsbane Rogue	Rogue	Kingsbane	Ship's Cannon	10	Wild
Kingsbane Rogue	Rogue	Kingsbane	Swindle	10	Wild
Kingsbane Rogue	Rogue	Kingsbane	Raiding Party	10	Wild
Kingsbane Rogue	Rogue	Kingsbane	Dread Corsair	10	Wild
Kingsbane Rogue	Rogue	Kingsbane	Tinker's Sharpsword Oil	10	Wild
Miracle Rogue	Rogue	Miracle	Backstab	100	Wild
Miracle Rogue	Rogue	Miracle	Shadowstep	100	Wild
Miracle Rogue	Rogue	Miracle	Blackjack Stunner	100	Wild
Miracle Rogue	Rogue	Miracle	Ambush	100	Wild
Miracle Rogue	Rogue	Miracle	Cheat Death	100	Wild
Miracle Rogue	Rogue	Miracle	Dirty Tricks	100	Wild
Miracle Rogue	Rogue	Miracle	Plagiarize	100	Wild
Miracle Rogue	Rogue	Miracle	Shadowjeweler Hanar	100	Wild
Miracle Rogue	Rogue	Miracle	Ticket Master	100	Wild
Miracle Rogue	Rogue	Miracle	Questing Adventurer	100	Wild
Miracle Rogue	Rogue	Miracle	Fal'dorei Strider	100	Wild
Miracle Rogue	Rogue	Miracle	Malevolent Strike	100	Wild
Miracle Rogue	Rogue	Miracle	Stowaway	100	Wild
Aggro Rogue	Rogue	Aggro	Worgen Infiltrator	1000	Wild
Aggro Rogue	Rogue	Aggro	Ashtongue Slayer	1000	Wild
Aggro Rogue	Rogue	Aggro	One-eyed Cheat	1000	Wild
Aggro Rogue	Rogue	Aggro	Sneaky Delinquent	1000	Wild
Aggro Rogue	Rogue	Aggro	Greyheart Sage	1000	Wild
Aggro Rogue	Rogue	Aggro	Hooked Scimitar	1000	Wild
Aggro Rogue	Rogue	Aggro	Self-Sharpening Sword	1000	Wild
Aggro Rogue	Rogue	Aggro	Steeldancer	1000	Wild
Galakrond Rogue	Rogue	Galakrond	Counterfeit Coin	10000	Wild
Galakrond Rogue	Rogue	Galakrond	Brain Freeze	10000	Wild
Galakrond Rogue	Rogue	Galakrond	Praise Galakrond!	10000	Wild
Galakrond Rogue	Rogue	Galakrond	Cloak of Shadows	10000	Wild
Galakrond Rogue	Rogue	Galakrond	Seal Fate	10000	Wild
Galakrond Rogue	Rogue	Galakrond	Devoted Maniac	10000	Wild
Galakrond Rogue	Rogue	Galakrond	Elven Minstrel	10000	Wild
Galakrond Rogue	Rogue	Galakrond	Spirit of the Shark	10000	Wild
Galakrond Rogue	Rogue	Galakrond	Umbral Skulker	10000	Wild
Galakrond Rogue	Rogue	Galakrond	Shield of Galakrond	10000	Wild
Galakrond Rogue	Rogue	Galakrond	Heistbaron Togwaggle	10000	Wild
Galakrond Rogue	Rogue	Galakrond	Kronx Dragonhoof	10000	Wild
Galakrond Rogue	Rogue	Galakrond	Spectral Pillager	10000	Wild
Galakrond Rogue	Rogue	Galakrond	Galakrond, the Nightmare	10000	Wild
Thief Rogue	Rogue	Thief	Bazaar Burglary	100000	Wild
Thief Rogue	Rogue	Thief	Dragon's Hoard	100000	Wild
Thief Rogue	Rogue	Thief	Hallucination	100000	Wild
Thief Rogue	Rogue	Thief	Pilfer	100000	Wild
Thief Rogue	Rogue	Thief	Swashburglar	100000	Wild
Thief Rogue	Rogue	Thief	Clever Disguise	100000	Wild
Thief Rogue	Rogue	Thief	Underbelly Fence	100000	Wild
Thief Rogue	Rogue	Thief	Undercity Huckster	100000	Wild
Thief Rogue	Rogue	Thief	Blink Fox	100000	Wild
Thief Rogue	Rogue	Thief	Academic Espionage	100000	Wild
Thief Rogue	Rogue	Thief	Hench-Clan Burglar	100000	Wild
Thief Rogue	Rogue	Thief	Spectral Cutlass	100000	Wild
Thief Rogue	Rogue	Thief	Vendetta	100000	Wild
Thief Rogue	Rogue	Thief	Bazaar Mugger	100000	Wild
Thief Rogue	Rogue	Thief	Tess Greymane	100000	Wild
Mill Rogue	Rogue	Mill	Doomsayer	1000000	Wild
Mill Rogue	Rogue	Mill	Evasion	1000000	Wild
Mill Rogue	Rogue	Mill	Gang Up	1000000	Wild
Mill Rogue	Rogue	Mill	Lab Recruiter	1000000	Wild
Mill Rogue	Rogue	Mill	Prize Vendor	1000000	Wild
Mill Rogue	Rogue	Mill	Brann Bronzebeard	1000000	Wild
Mill Rogue	Rogue	Mill	Coldlight Oracle	1000000	Wild
Mill Rogue	Rogue	Mill	Deathlord	1000000	Wild
Mill Rogue	Rogue	Mill	Murloc Tastyfin	1000000	Wild
Mill Rogue	Rogue	Mill	Antique Healbot	1000000	Wild
Mill Rogue	Rogue	Mill	Khartut Defender	1000000	Wild
Even Shaman	Shaman	Even	Totemic Might	1	Wild
Even Shaman	Shaman	Even	Totemic Surge	1	Wild
Even Shaman	Shaman	Even	Ancestral Knowledge	1	Wild
Even Shaman	Shaman	Even	Cagematch Custodian	1	Wild
Even Shaman	Shaman	Even	Crackle	1	Wild
Even Shaman	Shaman	Even	Devolve	1	Wild
Even Shaman	Shaman	Even	Diligent Notetaker	1	Wild
Even Shaman	Shaman	Even	Earthen Might	1	Wild
Even Shaman	Shaman	Even	EVIL Totem	1	Wild
Even Shaman	Shaman	Even	Maelstrom Portal	1	Wild
Even Shaman	Shaman	Even	Manafeeder Panthara	1	Wild
Even Shaman	Shaman	Even	Murkspark Eel	1	Wild
Even Shaman	Shaman	Even	Totem Golem	1	Wild
Even Shaman	Shaman	Even	Windfury	1	Wild
Even Shaman	Shaman	Even	Wriggling Horror	1	Wild
Even Shaman	Shaman	Even	Draenei Totemcarver	1	Wild
Even Shaman	Shaman	Even	Flamewreathed Faceless	1	Wild
Even Shaman	Shaman	Even	Splitting Axe	1	Wild
Even Shaman	Shaman	Even	Squallhunter	1	Wild
Even Shaman	Shaman	Even	Genn Greymane	1	Wild
Even Shaman	Shaman	Even	The Storm Bringer	1	Wild
Even Shaman	Shaman	Even	Thing from Below	1	Wild
Even Shaman	Shaman	Even	Octosari	1	Wild
Even Shaman	Shaman	Even	Sea Giant	1	Wild
Aggro Shaman	Shaman	Aggro	Lightning Bolt	10	Wild
Aggro Shaman	Shaman	Aggro	Sludge Slurper	10	Wild
Aggro Shaman	Shaman	Aggro	Storm's Wrath	10	Wild
Aggro Shaman	Shaman	Aggro	Surging Tempest	10	Wild
Aggro Shaman	Shaman	Aggro	Tunnel Trogg	10	Wild
Aggro Shaman	Shaman	Aggro	Likkim	10	Wild
Aggro Shaman	Shaman	Aggro	Lava Burst	10	Wild
Aggro Shaman	Shaman	Aggro	Serpentshrine Portal	10	Wild
Aggro Shaman	Shaman	Aggro	Whack-A-Gnoll Hammer	10	Wild
Aggro Shaman	Shaman	Aggro	Doomhammer	10	Wild
Totem Shaman	Shaman	Totem	Tour Guide	100	Wild
Totem Shaman	Shaman	Totem	Trick Totem	100	Wild
Totem Shaman	Shaman	Totem	Flametongue Totem	100	Wild
Totem Shaman	Shaman	Totem	Grand Totem Eys'or	100	Wild
Totem Shaman	Shaman	Totem	Mana Tide Totem	100	Wild
Totem Shaman	Shaman	Totem	Totemic Reflection	100	Wild
Totem Shaman	Shaman	Totem	Totem Goliath	100	Wild
Big Shaman	Shaman	Big	Ancestral Spirit	1000	Wild
Big Shaman	Shaman	Big	Reincarnate	1000	Wild
Big Shaman	Shaman	Big	Far Sight	1000	Wild
Big Shaman	Shaman	Big	Healing Rain	1000	Wild
Big Shaman	Shaman	Big	Ancestor's Call	1000	Wild
Big Shaman	Shaman	Big	Torrent	1000	Wild
Big Shaman	Shaman	Big	Vivid Spores	1000	Wild
Big Shaman	Shaman	Big	Hagatha's Scheme	1000	Wild
Big Shaman	Shaman	Big	Muckmorpher	1000	Wild
Big Shaman	Shaman	Big	Eureka!	1000	Wild
Big Shaman	Shaman	Big	The Lich King	1000	Wild
Big Shaman	Shaman	Big	Walking Fountain	1000	Wild
Big Shaman	Shaman	Big	Colossus of the Moon	1000	Wild
Big Shaman	Shaman	Big	Scrapyard Colossus	1000	Wild
Big Shaman	Shaman	Big	Y'Shaarj, Rage Unbound	1000	Wild
Evolve Shaman	Shaman	Evolve	Mutate	10000	Wild
Evolve Shaman	Shaman	Evolve	Evolve	10000	Wild
Evolve Shaman	Shaman	Evolve	Revolve	10000	Wild
Evolve Shaman	Shaman	Evolve	Unstable Evolution	10000	Wild
Evolve Shaman	Shaman	Evolve	Bogstrok Clacker	10000	Wild
Evolve Shaman	Shaman	Evolve	Desert Hare	10000	Wild
Evolve Shaman	Shaman	Evolve	Pit Master	10000	Wild
Evolve Shaman	Shaman	Evolve	Dread Corsair	10000	Wild
Evolve Shaman	Shaman	Evolve	Hoard Pillager	10000	Wild
Evolve Shaman	Shaman	Evolve	Boggspine Knuckles	10000	Wild
Evolve Shaman	Shaman	Evolve	Derailed Coaster	10000	Wild
Evolve Shaman	Shaman	Evolve	Doppelgangster	10000	Wild
Evolve Shaman	Shaman	Evolve	Faceless Corruptor	10000	Wild
Evolve Shaman	Shaman	Evolve	Loatheb	10000	Wild
Evolve Shaman	Shaman	Evolve	Corridor Creeper	10000	Wild
Evolve Shaman	Shaman	Evolve	Mogu Fleshshaper	10000	Wild
Reno Shaman	Shaman	Reno	Corrupt the Waters	100000	Wild
Reno Shaman	Shaman	Reno	Glacial Shard	100000	Wild
Reno Shaman	Shaman	Reno	Dirty Rat	100000	Wild
Reno Shaman	Shaman	Reno	Licensed Adventurer	100000	Wild
Reno Shaman	Shaman	Reno	Questing Explorer	100000	Wild
Reno Shaman	Shaman	Reno	Sandstorm Elemental	100000	Wild
Reno Shaman	Shaman	Reno	Zephrys the Great	100000	Wild
Reno Shaman	Shaman	Reno	Brann Bronzebeard	100000	Wild
Reno Shaman	Shaman	Reno	Bog Slosher	100000	Wild
Reno Shaman	Shaman	Reno	Mind Control Tech	100000	Wild
Reno Shaman	Shaman	Reno	Zola the Gorgon	100000	Wild
Reno Shaman	Shaman	Reno	Lifedrinker	100000	Wild
Reno Shaman	Shaman	Reno	Antique Healbot	100000	Wild
Reno Shaman	Shaman	Reno	Barista Lynchen	100000	Wild
Reno Shaman	Shaman	Reno	Grumble, Worldshaker	100000	Wild
Reno Shaman	Shaman	Reno	The Lurker Below	100000	Wild
Reno Shaman	Shaman	Reno	Reno Jackson	100000	Wild
Reno Shaman	Shaman	Reno	Siamat	100000	Wild
Reno Shaman	Shaman	Reno	Dragonqueen Alexstrasza	100000	Wild
Reno Shaman	Shaman	Reno	Shudderwock	100000	Wild
Jade Shaman	Shaman	Jade	Jade Claws	1000000	Wild
Jade Shaman	Shaman	Jade	Jade Lightning	1000000	Wild
Jade Shaman	Shaman	Jade	Jade Spirit	1000000	Wild
Jade Shaman	Shaman	Jade	Aya Blackpaw	1000000	Wild
Jade Shaman	Shaman	Jade	Jade Chieftain	1000000	Wild
Galakrond Shaman	Shaman	Galakrond	Invocation of Frost	10000000	Wild
Galakrond Shaman	Shaman	Galakrond	Devoted Maniac	10000000	Wild
Galakrond Shaman	Shaman	Galakrond	Dragon's Pack	10000000	Wild
Galakrond Shaman	Shaman	Galakrond	Shield of Galakrond	10000000	Wild
Galakrond Shaman	Shaman	Galakrond	Corrupt Elementalist	10000000	Wild
Galakrond Shaman	Shaman	Galakrond	Kronx Dragonhoof	10000000	Wild
Galakrond Shaman	Shaman	Galakrond	Galakrond, the Tempest	10000000	Wild
Murloc Shaman	Shaman	Murloc	Unite the Murlocs	100000000	Wild
Murloc Shaman	Shaman	Murloc	Grimscale Oracle	100000000	Wild
Murloc Shaman	Shaman	Murloc	Toxfin	100000000	Wild
Murloc Shaman	Shaman	Murloc	Murloc Tidecaller	100000000	Wild
Murloc Shaman	Shaman	Murloc	Murloc Tinyfin	100000000	Wild
Murloc Shaman	Shaman	Murloc	Murmy	100000000	Wild
Murloc Shaman	Shaman	Murloc	Sir Finley Mrrgglton	100000000	Wild
Murloc Shaman	Shaman	Murloc	Bluegill Warrior	100000000	Wild
Murloc Shaman	Shaman	Murloc	Brrrloc	100000000	Wild
Murloc Shaman	Shaman	Murloc	Fishflinger	100000000	Wild
Murloc Shaman	Shaman	Murloc	Ghost Light Angler	100000000	Wild
Murloc Shaman	Shaman	Murloc	Murloc Tidehunter	100000000	Wild
Murloc Shaman	Shaman	Murloc	Rockpool Hunter	100000000	Wild
Murloc Shaman	Shaman	Murloc	Underbelly Angler	100000000	Wild
Murloc Shaman	Shaman	Murloc	Murloc Warleader	100000000	Wild
Murloc Shaman	Shaman	Murloc	Coldlight Seer	100000000	Wild
Murloc Shaman	Shaman	Murloc	Primalfin Lookout	100000000	Wild
Murloc Shaman	Shaman	Murloc	Call in the Finishers	100000000	Wild
Murloc Shaman	Shaman	Murloc	Felfin Navigator	100000000	Wild
Murloc Shaman	Shaman	Murloc	Gentle Megasaur	100000000	Wild
Murloc Shaman	Shaman	Murloc	Murloc Tastyfin	100000000	Wild
Murloc Shaman	Shaman	Murloc	Old Murk-Eye	100000000	Wild
Murloc Shaman	Shaman	Murloc	Scargil	100000000	Wild
Murloc Shaman	Shaman	Murloc	Finja, the Flying Star	100000000	Wild
Murloc Shaman	Shaman	Murloc	Everyfin is Awesome	100000000	Wild
Cube Warlock	Warlock	Cube	Animated Broomstick	1	Wild
Cube Warlock	Warlock	Cube	Kobold Librarian	1	Wild
Cube Warlock	Warlock	Cube	Mistress of Mixtures	1	Wild
Cube Warlock	Warlock	Cube	Plague of Flames	1	Wild
Cube Warlock	Warlock	Cube	Tour Guide	1	Wild
Cube Warlock	Warlock	Cube	Unstable Felbolt	1	Wild
Cube Warlock	Warlock	Cube	Defile	1	Wild
Cube Warlock	Warlock	Cube	Expired Merchant	1	Wild
Cube Warlock	Warlock	Cube	Dark Skies	1	Wild
Cube Warlock	Warlock	Cube	Sense Demons	1	Wild
Cube Warlock	Warlock	Cube	Bad Luck Albatross	1	Wild
Cube Warlock	Warlock	Cube	Spiritsinger Umbra	1	Wild
Cube Warlock	Warlock	Cube	Voidcaller	1	Wild
Cube Warlock	Warlock	Cube	Carnivorous Cube	1	Wild
Cube Warlock	Warlock	Cube	Faceless Manipulator	1	Wild
Cube Warlock	Warlock	Cube	Skull of the Man'ari	1	Wild
Cube Warlock	Warlock	Cube	Zilliax	1	Wild
Cube Warlock	Warlock	Cube	Archwitch Willow	1	Wild
Cube Warlock	Warlock	Cube	Enhanced Dreadlord	1	Wild
Cube Warlock	Warlock	Cube	Mal'Ganis	1	Wild
Cube Warlock	Warlock	Cube	Voidlord	1	Wild
Cube Warlock	Warlock	Cube	Bloodreaver Gul'dan	1	Wild
Cube Warlock	Warlock	Cube	N'Zoth, the Corruptor	1	Wild
Control Warlock	Warlock	Control	Raise Dead	10	Wild
Control Warlock	Warlock	Control	Demonic Studies	10	Wild
Control Warlock	Warlock	Control	Mortal Coil	10	Wild
Control Warlock	Warlock	Control	Spirit Jailer	10	Wild
Control Warlock	Warlock	Control	Gnomeferatu	10	Wild
Control Warlock	Warlock	Control	Imprisoned Vilefiend	10	Wild
Control Warlock	Warlock	Control	Soul Shear	10	Wild
Control Warlock	Warlock	Control	Twisted Knowledge	10	Wild
Control Warlock	Warlock	Control	Brann Bronzebeard	10	Wild
Control Warlock	Warlock	Control	Free Admission	10	Wild
Control Warlock	Warlock	Control	Man'ari Mosher	10	Wild
Control Warlock	Warlock	Control	School Spirits	10	Wild
Control Warlock	Warlock	Control	Zola the Gorgon	10	Wild
Control Warlock	Warlock	Control	Cascading Disaster	10	Wild
Control Warlock	Warlock	Control	Fire Breather	10	Wild
Control Warlock	Warlock	Control	Void Drinker	10	Wild
Control Warlock	Warlock	Control	Abyssal Summoner	10	Wild
Control Warlock	Warlock	Control	Aranasi Broodmother	10	Wild
Control Warlock	Warlock	Control	Tickatus	10	Wild
Control Warlock	Warlock	Control	Lord Godfrey	10	Wild
Control Warlock	Warlock	Control	Soulciologist Malicia	10	Wild
Control Warlock	Warlock	Control	Strongman	10	Wild
Control Warlock	Warlock	Control	Jepetto Joybuzz	10	Wild
Control Warlock	Warlock	Control	Twisting Nether	10	Wild
Control Warlock	Warlock	Control	Y'Shaarj, the Defiler	10	Wild
Reno Warlock	Warlock	Reno	Sir Finley Mrrgglton	100	Wild
Reno Warlock	Warlock	Reno	Sphere of Sapience	100	Wild
Reno Warlock	Warlock	Reno	Corrupting Mist	100	Wild
Reno Warlock	Warlock	Reno	Darkbomb	100	Wild
Reno Warlock	Warlock	Reno	Dirty Rat	100	Wild
Reno Warlock	Warlock	Reno	Doomsayer	100	Wild
Reno Warlock	Warlock	Reno	Grizzled Wizard	100	Wild
Reno Warlock	Warlock	Reno	Zephrys the Great	100	Wild
Reno Warlock	Warlock	Reno	Darkmoon Dirigible	100	Wild
Reno Warlock	Warlock	Reno	Demonwrath	100	Wild
Reno Warlock	Warlock	Reno	Deathlord	100	Wild
Reno Warlock	Warlock	Reno	Circus Medic	100	Wild
Reno Warlock	Warlock	Reno	Hellfire	100	Wild
Reno Warlock	Warlock	Reno	Kazakus	100	Wild
Reno Warlock	Warlock	Reno	Antique Healbot	100	Wild
Reno Warlock	Warlock	Reno	Barista Lynchen	100	Wild
Reno Warlock	Warlock	Reno	Despicable Dreadlord	100	Wild
Reno Warlock	Warlock	Reno	Loatheb	100	Wild
Reno Warlock	Warlock	Reno	Rotten Applebaum	100	Wild
Reno Warlock	Warlock	Reno	Emperor Thaurissan	100	Wild
Reno Warlock	Warlock	Reno	Keli'dan the Breaker	100	Wild
Reno Warlock	Warlock	Reno	Khartut Defender	100	Wild
Reno Warlock	Warlock	Reno	Reno Jackson	100	Wild
Reno Warlock	Warlock	Reno	Siamat	100	Wild
Disco Warlock	Warlock	Disco	Flame Imp	1000	Wild
Disco Warlock	Warlock	Disco	Malchezaar's Imp	1000	Wild
Disco Warlock	Warlock	Disco	Soulfire	1000	Wild
Disco Warlock	Warlock	Disco	The Soularium	1000	Wild
Disco Warlock	Warlock	Disco	Voidwalker	1000	Wild
Disco Warlock	Warlock	Disco	Wicked Whispers	1000	Wild
Disco Warlock	Warlock	Disco	Boneweb Egg	1000	Wild
Disco Warlock	Warlock	Disco	Darkglare	1000	Wild
Disco Warlock	Warlock	Disco	Darkshire Librarian	1000	Wild
Disco Warlock	Warlock	Disco	Felstalker	1000	Wild
Disco Warlock	Warlock	Disco	Tiny Knight of Evil	1000	Wild
Disco Warlock	Warlock	Disco	Silverware Golem	1000	Wild
Disco Warlock	Warlock	Disco	Fist of Jaraxxus	1000	Wild
Disco Warlock	Warlock	Disco	Lakkari Felhound	1000	Wild
Disco Warlock	Warlock	Disco	Nightshade Matron	1000	Wild
Disco Warlock	Warlock	Disco	Hand of Gul'dan	1000	Wild
Darkglare Warlock	Warlock	Darkglare	Pen Flinger	10000	Wild
Darkglare Warlock	Warlock	Darkglare	Power Overwhelming	10000	Wild
Darkglare Warlock	Warlock	Darkglare	Rain of Fire	10000	Wild
Darkglare Warlock	Warlock	Darkglare	Spirit Bomb	10000	Wild
Darkglare Warlock	Warlock	Darkglare	Cheaty Anklebiter	10000	Wild
Darkglare Warlock	Warlock	Darkglare	Enhance-o Mechano	10000	Wild
Darkglare Warlock	Warlock	Darkglare	Lesser Amethyst Spellstone	10000	Wild
Darkglare Warlock	Warlock	Darkglare	Flesh Giant	10000	Wild
Darkglare Warlock	Warlock	Darkglare	Molten Giant	10000	Wild
Odd Warrior	Warrior	Odd	Athletic Studies	1	Wild
Odd Warrior	Warrior	Odd	Eternium Rover	1	Wild
Odd Warrior	Warrior	Odd	Omega Assembly	1	Wild
Odd Warrior	Warrior	Odd	Risky Skipper	1	Wild
Odd Warrior	Warrior	Odd	Shield Slam	1	Wild
Odd Warrior	Warrior	Odd	Sword and Board	1	Wild
Odd Warrior	Warrior	Odd	Acolyte of Pain	1	Wild
Odd Warrior	Warrior	Odd	Ancharrr	1	Wild
Odd Warrior	Warrior	Odd	Bash	1	Wild
Odd Warrior	Warrior	Odd	Brann Bronzebeard	1	Wild
Odd Warrior	Warrior	Odd	Bladestorm	1	Wild
Odd Warrior	Warrior	Odd	Bulwark of Azzinoth	1	Wild
Odd Warrior	Warrior	Odd	Coerce	1	Wild
Odd Warrior	Warrior	Odd	Coldlight Oracle	1	Wild
Odd Warrior	Warrior	Odd	Deathlord	1	Wild
Odd Warrior	Warrior	Odd	EVIL Quartermaster	1	Wild
Odd Warrior	Warrior	Odd	Livewire Lance	1	Wild
Odd Warrior	Warrior	Odd	Lord Barov	1	Wild
Odd Warrior	Warrior	Odd	Ravaging Ghoul	1	Wild
Odd Warrior	Warrior	Odd	Reckless Flurry	1	Wild
Odd Warrior	Warrior	Odd	Shield Block	1	Wild
Odd Warrior	Warrior	Odd	Brawl	1	Wild
Odd Warrior	Warrior	Odd	Dyn-o-matic	1	Wild
Odd Warrior	Warrior	Odd	Plague of Wrath	1	Wild
Odd Warrior	Warrior	Odd	Supercollider	1	Wild
Odd Warrior	Warrior	Odd	Zilliax	1	Wild
Odd Warrior	Warrior	Odd	Dr. Boom, Mad Genius	1	Wild
Odd Warrior	Warrior	Odd	Silas Darkmoon	1	Wild
Odd Warrior	Warrior	Odd	Baku the Mooneater	1	Wild
Control Warrior	Warrior	Control	Animated Broomstick	10	Wild
Control Warrior	Warrior	Control	Guardian Augmerchant	10	Wild
Control Warrior	Warrior	Control	Pen Flinger	10	Wild
Control Warrior	Warrior	Control	Town Crier	10	Wild
Control Warrior	Warrior	Control	Armorsmith	10	Wild
Control Warrior	Warrior	Control	Battle Rage	10	Wild
Control Warrior	Warrior	Control	Cornered Sentry	10	Wild
Control Warrior	Warrior	Control	Dead Man's Hand	10	Wild
Control Warrior	Warrior	Control	Dirty Rat	10	Wild
Control Warrior	Warrior	Control	Drywhisker Armorer	10	Wild
Control Warrior	Warrior	Control	E.T.C., God of Metal	10	Wild
Control Warrior	Warrior	Control	Execute	10	Wild
Control Warrior	Warrior	Control	Forge of Souls	10	Wild
Control Warrior	Warrior	Control	Minefield	10	Wild
Control Warrior	Warrior	Control	Slam	10	Wild
Control Warrior	Warrior	Control	Warpath	10	Wild
Control Warrior	Warrior	Control	Bloodsworn Mercenary	10	Wild
Control Warrior	Warrior	Control	Blood Razor	10	Wild
Control Warrior	Warrior	Control	Kargath Bladefist	10	Wild
Control Warrior	Warrior	Control	Sword Eater	10	Wild
Control Warrior	Warrior	Control	Emperor Thaurissan	10	Wild
Control Warrior	Warrior	Control	Khartut Defender	10	Wild
Control Warrior	Warrior	Control	Bloodboil Brute	10	Wild
Taunt Warrior	Warrior	Taunt	Fire Plume's Heart	100	Wild
Taunt Warrior	Warrior	Taunt	Into the Fray	100	Wild
Taunt Warrior	Warrior	Taunt	Frightened Flunky	100	Wild
Taunt Warrior	Warrior	Taunt	In Formation!	100	Wild
Taunt Warrior	Warrior	Taunt	Feat of Strength	100	Wild
Taunt Warrior	Warrior	Taunt	Infested Goblin	100	Wild
Taunt Warrior	Warrior	Taunt	Stonehill Defender	100	Wild
Taunt Warrior	Warrior	Taunt	Tar Creeper	100	Wild
Taunt Warrior	Warrior	Taunt	Direhorn Hatchling	100	Wild
Taunt Warrior	Warrior	Taunt	Armagedillo	100	Wild
Bomb Warrior	Warrior	Bomb	Augmented Elekk	1000	Wild
Bomb Warrior	Warrior	Bomb	Clockwork Goblin	1000	Wild
Bomb Warrior	Warrior	Bomb	Hoard Pillager	1000	Wild
Bomb Warrior	Warrior	Bomb	Wrenchcalibur	1000	Wild
Bomb Warrior	Warrior	Bomb	Doctor Krastinov	1000	Wild
Bomb Warrior	Warrior	Bomb	Blastmaster Boom	1000	Wild
Pirate Warrior	Warrior	Pirate	N'Zoth's First Mate	10000	Wild
Pirate Warrior	Warrior	Pirate	Patches the Pirate	10000	Wild
Pirate Warrior	Warrior	Pirate	Sir Finley Mrrgglton	10000	Wild
Pirate Warrior	Warrior	Pirate	Southsea Deckhand	10000	Wild
Pirate Warrior	Warrior	Pirate	Bloodsail Raider	10000	Wild
Pirate Warrior	Warrior	Pirate	Heroic Strike	10000	Wild
Pirate Warrior	Warrior	Pirate	Parachute Brigand	10000	Wild
Pirate Warrior	Warrior	Pirate	Sharkfin Fan	10000	Wild
Pirate Warrior	Warrior	Pirate	Ship's Cannon	10000	Wild
Pirate Warrior	Warrior	Pirate	Voracious Reader	10000	Wild
Pirate Warrior	Warrior	Pirate	Bloodsail Cultist	10000	Wild
Pirate Warrior	Warrior	Pirate	Skybarge	10000	Wild
Pirate Warrior	Warrior	Pirate	Southsea Captain	10000	Wild
Pirate Warrior	Warrior	Pirate	Voracious Reader	10000	Wild
Pirate Warrior	Warrior	Pirate	Dread Corsair	10000	Wild
Pirate Warrior	Warrior	Pirate	Kor'kron Elite	10000	Wild
Galakrond Warrior	Warrior	Galakrond	Alexstrasza's Champion	100000	Wild
Galakrond Warrior	Warrior	Galakrond	Ritual Chopper	100000	Wild
Galakrond Warrior	Warrior	Galakrond	Awaken!	100000	Wild
Galakrond Warrior	Warrior	Galakrond	Devoted Maniac	100000	Wild
Galakrond Warrior	Warrior	Galakrond	Scion of Ruin	100000	Wild
Galakrond Warrior	Warrior	Galakrond	Shield of Galakrond	100000	Wild